frame,time_s,phase,board_x,board_y,board_z,gun_x,gun_y,gun_z,nozzle_x,nozzle_y,nozzle_z,robot_x,robot_y,robot_z,ground_target_x,ground_target_y,ground_column_index,ground_row,robot_yaw_deg,active_fastener_index,state,arm_pose,collision_active,contact_force_n,tool_pressure,nails_installed,board_grasped,tool_grasped,nailing_reference_time_s,nailing_reference_frame,robot_label
0,0.0,board_handling,-2.8,-2.55,1.3,-5.0,-4.0,-2.0,-5.0,-3.84,-2.25,-2.8,-3.0,0.04,-1.7999999999999998,-0.32,-1,none,90.0,-1,walk_to_board,folded,0,0.0,0.0,0,0,0,0.0,-1,AgiBot Genie G2 (official USD)
1,0.0333,board_handling,-2.8,-2.55,1.3,-5.0,-4.0,-2.0,-5.0,-3.84,-2.25,-2.8,-2.9999175925925927,0.04,-1.7999999999999998,-0.32,-1,none,90.0,-1,walk_to_board,folded,0,0.0,0.0,0,0,0,0.0,-1,AgiBot Genie G2 (official USD)
2,0.0667,board_handling,-2.8,-2.55,1.3,-5.0,-4.0,-2.0,-5.0,-3.84,-2.25,-2.8,-2.999674074074074,0.04,-1.7999999999999998,-0.32,-1,none,90.0,-1,walk_to_board,folded,0,0.0,0.0,0,0,0,0.0,-1,AgiBot Genie G2 (official USD)
3,0.1,board_handling,-2.8,-2.55,1.3,-5.0,-4.0,-2.0,-5.0,-3.84,-2.25,-2.8,-2.999275,0.04,-1.7999999999999998,-0.32,-1,none,90.0,-1,walk_to_board,folded,0,0.0,0.0,0,0,0,0.0,-1,AgiBot Genie G2 (official USD)
4,0.1333,board_handling,-2.8,-2.55,1.3,-5.0,-4.0,-2.0,-5.0,-3.84,-2.25,-2.8,-2.998725925925926,0.04,-1.7999999999999998,-0.32,-1,none,90.0,-1,walk_to_board,folded,0,0.0,0.0,0,0,0,0.0,-1,AgiBot Genie G2 (official USD)
5,0.1667,board_handling,-2.8,-2.55,1.3,-5.0,-4.0,-2.0,-5.0,-3.84,-2.25,-2.8,-2.9980324074074076,0.04,-1.7999999999999998,-0.32,-1,none,90.0,-1,walk_to_board,folded,0,0.0,0.0,0,0,0,0.0,-1,AgiBot Genie G2 (official USD)
6,0.2,board_handling,-2.8,-2.55,1.3,-5.0,-4.0,-2.0,-5.0,-3.84,-2.25,-2.8,-2.9972,0.04,-1.7999999999999998,-0.32,-1,none,90.0,-1,walk_to_board,folded,0,0.0,0.0,0,0,0,0.0,-1,AgiBot Genie G2 (official USD)
7,0.2333,board_handling,-2.8,-2.55,1.3,-5.0,-4.0,-2.0,-5.0,-3.84,-2.25,-2.8,-2.9962342592592592,0.04,-1.7999999999999998,-0.32,-1,none,90.0,-1,walk_to_board,folded,0,0.0,0.0,0,0,0,0.0,-1,AgiBot Genie G2 (official USD)
8,0.2667,board_handling,-2.8,-2.55,1.3,-5.0,-4.0,-2.0,-5.0,-3.84,-2.25,-2.8,-2.995140740740741,0.04,-1.7999999999999998,-0.32,-1,none,90.0,-1,walk_to_board,folded,0,0.0,0.0,0,0,0,0.0,-1,AgiBot Genie G2 (official USD)
9,0.3,board_handling,-2.8,-2.55,1.3,-5.0,-4.0,-2.0,-5.0,-3.84,-2.25,-2.8,-2.993925,0.04,-1.7999999999999998,-0.32,-1,none,90.0,-1,walk_to_board,folded,0,0.0,0.0,0,0,0,0.0,-1,AgiBot Genie G2 (official USD)
10,0.3333,board_handling,-2.8,-2.55,1.3,-5.0,-4.0,-2.0,-5.0,-3.84,-2.25,-2.8,-2.9925925925925925,0.04,-1.7999999999999998,-0.32,-1,none,90.0,-1,walk_to_board,folded,0,0.0,0.0,0,0,0,0.0,-1,AgiBot Genie G2 (official USD)
11,0.3667,board_handling,-2.8,-2.55,1.3,-5.0,-4.0,-2.0,-5.0,-3.84,-2.25,-2.8,-2.991149074074074,0.04,-1.7999999999999998,-0.32,-1,none,90.0,-1,walk_to_board,folded,0,0.0,0.0,0,0,0,0.0,-1,AgiBot Genie G2 (official USD)
12,0.4,board_handling,-2.8,-2.55,1.3,-5.0,-4.0,-2.0,-5.0,-3.84,-2.25,-2.8,-2.9896,0.04,-1.7999999999999998,-0.32,-1,none,90.0,-1,walk_to_board,folded,0,0.0,0.0,0,0,0,0.0,-1,AgiBot Genie G2 (official USD)
13,0.4333,board_handling,-2.8,-2.55,1.3,-5.0,-4.0,-2.0,-5.0,-3.84,-2.25,-2.8,-2.987950925925926,0.04,-1.7999999999999998,-0.32,-1,none,90.0,-1,walk_to_board,folded,0,0.0,0.0,0,0,0,0.0,-1,AgiBot Genie G2 (official USD)
14,0.4667,board_handling,-2.8,-2.55,1.3,-5.0,-4.0,-2.0,-5.0,-3.84,-2.25,-2.8,-2.986207407407407,0.04,-1.7999999999999998,-0.32,-1,none,90.0,-1,walk_to_board,folded,0,0.0,0.0,0,0,0,0.0,-1,AgiBot Genie G2 (official USD)
15,0.5,board_handling,-2.8,-2.55,1.3,-5.0,-4.0,-2.0,-5.0,-3.84,-2.25,-2.8,-2.984375,0.04,-1.7999999999999998,-0.32,-1,none,90.0,-1,walk_to_board,folded,0,0.0,0.0,0,0,0,0.0,-1,AgiBot Genie G2 (official USD)
16,0.5333,board_handling,-2.8,-2.55,1.3,-5.0,-4.0,-2.0,-5.0,-3.84,-2.25,-2.8,-2.9824592592592594,0.04,-1.7999999999999998,-0.32,-1,none,90.0,-1,walk_to_board,folded,0,0.0,0.0,0,0,0,0.0,-1,AgiBot Genie G2 (official USD)
17,0.5667,board_handling,-2.8,-2.55,1.3,-5.0,-4.0,-2.0,-5.0,-3.84,-2.25,-2.8,-2.980465740740741,0.04,-1.7999999999999998,-0.32,-1,none,90.0,-1,walk_to_board,folded,0,0.0,0.0,0,0,0,0.0,-1,AgiBot Genie G2 (official USD)
18,0.6,board_handling,-2.8,-2.55,1.3,-5.0,-4.0,-2.0,-5.0,-3.84,-2.25,-2.8,-2.9784,0.04,-1.7999999999999998,-0.32,-1,none,90.0,-1,walk_to_board,folded,0,0.0,0.0,0,0,0,0.0,-1,AgiBot Genie G2 (official USD)
19,0.6333,board_handling,-2.8,-2.55,1.3,-5.0,-4.0,-2.0,-5.0,-3.84,-2.25,-2.8,-2.9762675925925928,0.04,-1.7999999999999998,-0.32,-1,none,90.0,-1,walk_to_board,folded,0,0.0,0.0,0,0,0,0.0,-1,AgiBot Genie G2 (official USD)
20,0.6667,board_handling,-2.8,-2.55,1.3,-5.0,-4.0,-2.0,-5.0,-3.84,-2.25,-2.8,-2.974074074074074,0.04,-1.7999999999999998,-0.32,-1,none,90.0,-1,walk_to_board,folded,0,0.0,0.0,0,0,0,0.0,-1,AgiBot Genie G2 (official USD)
21,0.7,board_handling,-2.8,-2.55,1.3,-5.0,-4.0,-2.0,-5.0,-3.84,-2.25,-2.8,-2.971825,0.04,-1.7999999999999998,-0.32,-1,none,90.0,-1,walk_to_board,folded,0,0.0,0.0,0,0,0,0.0,-1,AgiBot Genie G2 (official USD)
22,0.7333,board_handling,-2.8,-2.55,1.3,-5.0,-4.0,-2.0,-5.0,-3.84,-2.25,-2.8,-2.969525925925926,0.04,-1.7999999999999998,-0.32,-1,none,90.0,-1,walk_to_board,folded,0,0.0,0.0,0,0,0,0.0,-1,AgiBot Genie G2 (official USD)
23,0.7667,board_handling,-2.8,-2.55,1.3,-5.0,-4.0,-2.0,-5.0,-3.84,-2.25,-2.8,-2.9671824074074076,0.04,-1.7999999999999998,-0.32,-1,none,90.0,-1,walk_to_board,folded,0,0.0,0.0,0,0,0,0.0,-1,AgiBot Genie G2 (official USD)
24,0.8,board_handling,-2.8,-2.55,1.3,-5.0,-4.0,-2.0,-5.0,-3.84,-2.25,-2.8,-2.9648,0.04,-1.7999999999999998,-0.32,-1,none,90.0,-1,walk_to_board,folded,0,0.0,0.0,0,0,0,0.0,-1,AgiBot Genie G2 (official USD)
25,0.8333,board_handling,-2.8,-2.55,1.3,-5.0,-4.0,-2.0,-5.0,-3.84,-2.25,-2.8,-2.962384259259259,0.04,-1.7999999999999998,-0.32,-1,none,90.0,-1,walk_to_board,folded,0,0.0,0.0,0,0,0,0.0,-1,AgiBot Genie G2 (official USD)
26,0.8667,board_handling,-2.8,-2.55,1.3,-5.0,-4.0,-2.0,-5.0,-3.84,-2.25,-2.8,-2.9599407407407408,0.04,-1.7999999999999998,-0.32,-1,none,90.0,-1,walk_to_board,folded,0,0.0,0.0,0,0,0,0.0,-1,AgiBot Genie G2 (official USD)
27,0.9,board_handling,-2.8,-2.55,1.3,-5.0,-4.0,-2.0,-5.0,-3.84,-2.25,-2.8,-2.957475,0.04,-1.7999999999999998,-0.32,-1,none,90.0,-1,walk_to_board,folded,0,0.0,0.0,0,0,0,0.0,-1,AgiBot Genie G2 (official USD)
28,0.9333,board_handling,-2.8,-2.55,1.3,-5.0,-4.0,-2.0,-5.0,-3.84,-2.25,-2.8,-2.9549925925925926,0.04,-1.7999999999999998,-0.32,-1,none,90.0,-1,walk_to_board,folded,0,0.0,0.0,0,0,0,0.0,-1,AgiBot Genie G2 (official USD)
29,0.9667,board_handling,-2.8,-2.55,1.3,-5.0,-4.0,-2.0,-5.0,-3.84,-2.25,-2.8,-2.952499074074074,0.04,-1.7999999999999998,-0.32,-1,none,90.0,-1,walk_to_board,folded,0,0.0,0.0,0,0,0,0.0,-1,AgiBot Genie G2 (official USD)
30,1.0,board_handling,-2.8,-2.55,1.3,-5.0,-4.0,-2.0,-5.0,-3.84,-2.25,-2.8,-2.95,0.04,-1.7999999999999998,-0.32,-1,none,90.0,-1,walk_to_board,folded,0,0.0,0.0,0,0,0,0.0,-1,AgiBot Genie G2 (official USD)
31,1.0333,board_handling,-2.8,-2.55,1.3,-5.0,-4.0,-2.0,-5.0,-3.84,-2.25,-2.8,-2.947500925925926,0.04,-1.7999999999999998,-0.32,-1,none,90.0,-1,walk_to_board,folded,0,0.0,0.0,0,0,0,0.0,-1,AgiBot Genie G2 (official USD)
32,1.0667,board_handling,-2.8,-2.55,1.3,-5.0,-4.0,-2.0,-5.0,-3.84,-2.25,-2.8,-2.9450074074074073,0.04,-1.7999999999999998,-0.32,-1,none,90.0,-1,walk_to_board,folded,0,0.0,0.0,0,0,0,0.0,-1,AgiBot Genie G2 (official USD)
33,1.1,board_handling,-2.8,-2.55,1.3,-5.0,-4.0,-2.0,-5.0,-3.84,-2.25,-2.8,-2.942525,0.04,-1.7999999999999998,-0.32,-1,none,90.0,-1,walk_to_board,folded,0,0.0,0.0,0,0,0,0.0,-1,AgiBot Genie G2 (official USD)
34,1.1333,board_handling,-2.8,-2.55,1.3,-5.0,-4.0,-2.0,-5.0,-3.84,-2.25,-2.8,-2.940059259259259,0.04,-1.7999999999999998,-0.32,-1,none,90.0,-1,walk_to_board,folded,0,0.0,0.0,0,0,0,0.0,-1,AgiBot Genie G2 (official USD)
35,1.1667,board_handling,-2.8,-2.55,1.3,-5.0,-4.0,-2.0,-5.0,-3.84,-2.25,-2.8,-2.937615740740741,0.04,-1.7999999999999998,-0.32,-1,none,90.0,-1,walk_to_board,folded,0,0.0,0.0,0,0,0,0.0,-1,AgiBot Genie G2 (official USD)
36,1.2,board_handling,-2.8,-2.55,1.3,-5.0,-4.0,-2.0,-5.0,-3.84,-2.25,-2.8,-2.9352,0.04,-1.7999999999999998,-0.32,-1,none,90.0,-1,walk_to_board,folded,0,0.0,0.0,0,0,0,0.0,-1,AgiBot Genie G2 (official USD)
37,1.2333,board_handling,-2.8,-2.55,1.3,-5.0,-4.0,-2.0,-5.0,-3.84,-2.25,-2.8,-2.9328175925925923,0.04,-1.7999999999999998,-0.32,-1,none,90.0,-1,walk_to_board,folded,0,0.0,0.0,0,0,0,0.0,-1,AgiBot Genie G2 (official USD)
38,1.2667,board_handling,-2.8,-2.55,1.3,-5.0,-4.0,-2.0,-5.0,-3.84,-2.25,-2.8,-2.9304740740740742,0.04,-1.7999999999999998,-0.32,-1,none,90.0,-1,walk_to_board,folded,0,0.0,0.0,0,0,0,0.0,-1,AgiBot Genie G2 (official USD)
39,1.3,board_handling,-2.8,-2.55,1.3,-5.0,-4.0,-2.0,-5.0,-3.84,-2.25,-2.8,-2.928175,0.04,-1.7999999999999998,-0.32,-1,none,90.0,-1,walk_to_board,folded,0,0.0,0.0,0,0,0,0.0,-1,AgiBot Genie G2 (official USD)
40,1.3333,board_handling,-2.8,-2.55,1.3,-5.0,-4.0,-2.0,-5.0,-3.84,-2.25,-2.8,-2.925925925925926,0.04,-1.7999999999999998,-0.32,-1,none,90.0,-1,walk_to_board,folded,0,0.0,0.0,0,0,0,0.0,-1,AgiBot Genie G2 (official USD)
41,1.3667,board_handling,-2.8,-2.55,1.3,-5.0,-4.0,-2.0,-5.0,-3.84,-2.25,-2.8,-2.923732407407407,0.04,-1.7999999999999998,-0.32,-1,none,90.0,-1,walk_to_board,folded,0,0.0,0.0,0,0,0,0.0,-1,AgiBot Genie G2 (official USD)
42,1.4,board_handling,-2.8,-2.55,1.3,-5.0,-4.0,-2.0,-5.0,-3.84,-2.25,-2.8,-2.9215999999999998,0.04,-1.7999999999999998,-0.32,-1,none,90.0,-1,walk_to_board,folded,0,0.0,0.0,0,0,0,0.0,-1,AgiBot Genie G2 (official USD)
43,1.4333,board_handling,-2.8,-2.55,1.3,-5.0,-4.0,-2.0,-5.0,-3.84,-2.25,-2.8,-2.919534259259259,0.04,-1.7999999999999998,-0.32,-1,none,90.0,-1,walk_to_board,folded,0,0.0,0.0,0,0,0,0.0,-1,AgiBot Genie G2 (official USD)
44,1.4667,board_handling,-2.8,-2.55,1.3,-5.0,-4.0,-2.0,-5.0,-3.84,-2.25,-2.8,-2.9175407407407405,0.04,-1.7999999999999998,-0.32,-1,none,90.0,-1,walk_to_board,folded,0,0.0,0.0,0,0,0,0.0,-1,AgiBot Genie G2 (official USD)
45,1.5,board_handling,-2.8,-2.55,1.3,-5.0,-4.0,-2.0,-5.0,-3.84,-2.25,-2.8,-2.915625,0.04,-1.7999999999999998,-0.32,-1,none,90.0,-1,walk_to_board,folded,0,0.0,0.0,0,0,0,0.0,-1,AgiBot Genie G2 (official USD)
46,1.5333,board_handling,-2.8,-2.55,1.3,-5.0,-4.0,-2.0,-5.0,-3.84,-2.25,-2.8,-2.9137925925925927,0.04,-1.7999999999999998,-0.32,-1,none,90.0,-1,walk_to_board,folded,0,0.0,0.0,0,0,0,0.0,-1,AgiBot Genie G2 (official USD)
47,1.5667,board_handling,-2.8,-2.55,1.3,-5.0,-4.0,-2.0,-5.0,-3.84,-2.25,-2.8,-2.912049074074074,0.04,-1.7999999999999998,-0.32,-1,none,90.0,-1,walk_to_board,folded,0,0.0,0.0,0,0,0,0.0,-1,AgiBot Genie G2 (official USD)
48,1.6,board_handling,-2.8,-2.55,1.3,-5.0,-4.0,-2.0,-5.0,-3.84,-2.25,-2.8,-2.9104,0.04,-1.7999999999999998,-0.32,-1,none,90.0,-1,walk_to_board,folded,0,0.0,0.0,0,0,0,0.0,-1,AgiBot Genie G2 (official USD)
49,1.6333,board_handling,-2.8,-2.55,1.3,-5.0,-4.0,-2.0,-5.0,-3.84,-2.25,-2.8,-2.908850925925926,0.04,-1.7999999999999998,-0.32,-1,none,90.0,-1,walk_to_board,folded,0,0.0,0.0,0,0,0,0.0,-1,AgiBot Genie G2 (official USD)
50,1.6667,board_handling,-2.8,-2.55,1.3,-5.0,-4.0,-2.0,-5.0,-3.84,-2.25,-2.8,-2.9074074074074074,0.04,-1.7999999999999998,-0.32,-1,none,90.0,-1,walk_to_board,folded,0,0.0,0.0,0,0,0,0.0,-1,AgiBot Genie G2 (official USD)
51,1.7,board_handling,-2.8,-2.55,1.3,-5.0,-4.0,-2.0,-5.0,-3.84,-2.25,-2.8,-2.906075,0.04,-1.7999999999999998,-0.32,-1,none,90.0,-1,walk_to_board,folded,0,0.0,0.0,0,0,0,0.0,-1,AgiBot Genie G2 (official USD)
52,1.7333,board_handling,-2.8,-2.55,1.3,-5.0,-4.0,-2.0,-5.0,-3.84,-2.25,-2.8,-2.904859259259259,0.04,-1.7999999999999998,-0.32,-1,none,90.0,-1,walk_to_board,folded,0,0.0,0.0,0,0,0,0.0,-1,AgiBot Genie G2 (official USD)
53,1.7667,board_handling,-2.8,-2.55,1.3,-5.0,-4.0,-2.0,-5.0,-3.84,-2.25,-2.8,-2.9037657407407407,0.04,-1.7999999999999998,-0.32,-1,none,90.0,-1,walk_to_board,folded,0,0.0,0.0,0,0,0,0.0,-1,AgiBot Genie G2 (official USD)
54,1.8,board_handling,-2.8,-2.55,1.3,-5.0,-4.0,-2.0,-5.0,-3.84,-2.25,-2.8,-2.9028,0.04,-1.7999999999999998,-0.32,-1,none,90.0,-1,walk_to_board,folded,0,0.0,0.0,0,0,0,0.0,-1,AgiBot Genie G2 (official USD)
55,1.8333,board_handling,-2.8,-2.55,1.3,-5.0,-4.0,-2.0,-5.0,-3.84,-2.25,-2.8,-2.9019675925925923,0.04,-1.7999999999999998,-0.32,-1,none,90.0,-1,walk_to_board,folded,0,0.0,0.0,0,0,0,0.0,-1,AgiBot Genie G2 (official USD)
56,1.8667,board_handling,-2.8,-2.55,1.3,-5.0,-4.0,-2.0,-5.0,-3.84,-2.25,-2.8,-2.901274074074074,0.04,-1.7999999999999998,-0.32,-1,none,90.0,-1,walk_to_board,folded,0,0.0,0.0,0,0,0,0.0,-1,AgiBot Genie G2 (official USD)
57,1.9,board_handling,-2.8,-2.55,1.3,-5.0,-4.0,-2.0,-5.0,-3.84,-2.25,-2.8,-2.900725,0.04,-1.7999999999999998,-0.32,-1,none,90.0,-1,walk_to_board,folded,0,0.0,0.0,0,0,0,0.0,-1,AgiBot Genie G2 (official USD)
58,1.9333,board_handling,-2.8,-2.55,1.3,-5.0,-4.0,-2.0,-5.0,-3.84,-2.25,-2.8,-2.9003259259259258,0.04,-1.7999999999999998,-0.32,-1,none,90.0,-1,walk_to_board,folded,0,0.0,0.0,0,0,0,0.0,-1,AgiBot Genie G2 (official USD)
59,1.9667,board_handling,-2.8,-2.55,1.3,-5.0,-4.0,-2.0,-5.0,-3.84,-2.25,-2.8,-2.900082407407407,0.04,-1.7999999999999998,-0.32,-1,none,90.0,-1,walk_to_board,folded,0,0.0,0.0,0,0,0,0.0,-1,AgiBot Genie G2 (official USD)
60,2.0,board_handling,-2.8,-2.55,1.3,-5.0,-4.0,-2.0,-5.0,-3.84,-2.25,-2.8,-2.9,0.04,-1.7999999999999998,-0.32,-1,none,90.0,-1,align_to_drywall,board_approach,0,0.0,0.0,0,0,0,0.0,-1,AgiBot Genie G2 (official USD)
61,2.0333,board_handling,-2.8,-2.55,1.3,-5.0,-4.0,-2.0,-5.0,-3.84,-2.25,-2.8,-2.9,0.04,-1.7999999999999998,-0.32,-1,none,90.0,-1,align_to_drywall,board_approach,0,0.0,0.0,0,0,0,0.0,-1,AgiBot Genie G2 (official USD)
62,2.0667,board_handling,-2.8,-2.55,1.3,-5.0,-4.0,-2.0,-5.0,-3.84,-2.25,-2.8,-2.9,0.04,-1.7999999999999998,-0.32,-1,none,90.0,-1,align_to_drywall,board_approach,0,0.0,0.0,0,0,0,0.0,-1,AgiBot Genie G2 (official USD)
63,2.1,board_handling,-2.8,-2.55,1.3,-5.0,-4.0,-2.0,-5.0,-3.84,-2.25,-2.8,-2.9,0.04,-1.7999999999999998,-0.32,-1,none,90.0,-1,align_to_drywall,board_approach,0,0.0,0.0,0,0,0,0.0,-1,AgiBot Genie G2 (official USD)
64,2.1333,board_handling,-2.8,-2.55,1.3,-5.0,-4.0,-2.0,-5.0,-3.84,-2.25,-2.8,-2.9,0.04,-1.7999999999999998,-0.32,-1,none,90.0,-1,align_to_drywall,board_approach,0,0.0,0.0,0,0,0,0.0,-1,AgiBot Genie G2 (official USD)
65,2.1667,board_handling,-2.8,-2.55,1.3,-5.0,-4.0,-2.0,-5.0,-3.84,-2.25,-2.8,-2.9,0.04,-1.7999999999999998,-0.32,-1,none,90.0,-1,align_to_drywall,board_approach,0,0.0,0.0,0,0,0,0.0,-1,AgiBot Genie G2 (official USD)
66,2.2,board_handling,-2.8,-2.55,1.3,-5.0,-4.0,-2.0,-5.0,-3.84,-2.25,-2.8,-2.9,0.04,-1.7999999999999998,-0.32,-1,none,90.0,-1,align_to_drywall,board_approach,0,0.0,0.0,0,0,0,0.0,-1,AgiBot Genie G2 (official USD)
67,2.2333,board_handling,-2.8,-2.55,1.3,-5.0,-4.0,-2.0,-5.0,-3.84,-2.25,-2.8,-2.9,0.04,-1.7999999999999998,-0.32,-1,none,90.0,-1,align_to_drywall,board_approach,0,0.0,0.0,0,0,0,0.0,-1,AgiBot Genie G2 (official USD)
68,2.2667,board_handling,-2.8,-2.55,1.3,-5.0,-4.0,-2.0,-5.0,-3.84,-2.25,-2.8,-2.9,0.04,-1.7999999999999998,-0.32,-1,none,90.0,-1,align_to_drywall,board_approach,0,0.0,0.0,0,0,0,0.0,-1,AgiBot Genie G2 (official USD)
69,2.3,board_handling,-2.8,-2.55,1.3,-5.0,-4.0,-2.0,-5.0,-3.84,-2.25,-2.8,-2.9,0.04,-1.7999999999999998,-0.32,-1,none,90.0,-1,align_to_drywall,board_approach,0,0.0,0.0,0,0,0,0.0,-1,AgiBot Genie G2 (official USD)
70,2.3333,board_handling,-2.8,-2.55,1.3,-5.0,-4.0,-2.0,-5.0,-3.84,-2.25,-2.8,-2.9,0.04,-1.7999999999999998,-0.32,-1,none,90.0,-1,align_to_drywall,board_approach,0,0.0,0.0,0,0,0,0.0,-1,AgiBot Genie G2 (official USD)
71,2.3667,board_handling,-2.8,-2.55,1.3,-5.0,-4.0,-2.0,-5.0,-3.84,-2.25,-2.8,-2.9,0.04,-1.7999999999999998,-0.32,-1,none,90.0,-1,align_to_drywall,board_approach,0,0.0,0.0,0,0,0,0.0,-1,AgiBot Genie G2 (official USD)
72,2.4,board_handling,-2.8,-2.55,1.3,-5.0,-4.0,-2.0,-5.0,-3.84,-2.25,-2.8,-2.9,0.04,-1.7999999999999998,-0.32,-1,none,90.0,-1,align_to_drywall,board_approach,0,0.0,0.0,0,0,0,0.0,-1,AgiBot Genie G2 (official USD)
73,2.4333,board_handling,-2.8,-2.55,1.3,-5.0,-4.0,-2.0,-5.0,-3.84,-2.25,-2.8,-2.9,0.04,-1.7999999999999998,-0.32,-1,none,90.0,-1,align_to_drywall,board_approach,0,0.0,0.0,0,0,0,0.0,-1,AgiBot Genie G2 (official USD)
74,2.4667,board_handling,-2.8,-2.55,1.3,-5.0,-4.0,-2.0,-5.0,-3.84,-2.25,-2.8,-2.9,0.04,-1.7999999999999998,-0.32,-1,none,90.0,-1,align_to_drywall,board_approach,0,0.0,0.0,0,0,0,0.0,-1,AgiBot Genie G2 (official USD)
75,2.5,board_handling,-2.8,-2.55,1.3,-5.0,-4.0,-2.0,-5.0,-3.84,-2.25,-2.8,-2.9,0.04,-1.7999999999999998,-0.32,-1,none,90.0,-1,align_to_drywall,board_approach,0,0.0,0.0,0,0,0,0.0,-1,AgiBot Genie G2 (official USD)
76,2.5333,board_handling,-2.8,-2.55,1.3,-5.0,-4.0,-2.0,-5.0,-3.84,-2.25,-2.8,-2.9,0.04,-1.7999999999999998,-0.32,-1,none,90.0,-1,align_to_drywall,board_approach,0,0.0,0.0,0,0,0,0.0,-1,AgiBot Genie G2 (official USD)
77,2.5667,board_handling,-2.8,-2.55,1.3,-5.0,-4.0,-2.0,-5.0,-3.84,-2.25,-2.8,-2.9,0.04,-1.7999999999999998,-0.32,-1,none,90.0,-1,align_to_drywall,board_approach,0,0.0,0.0,0,0,0,0.0,-1,AgiBot Genie G2 (official USD)
78,2.6,board_handling,-2.8,-2.55,1.3,-5.0,-4.0,-2.0,-5.0,-3.84,-2.25,-2.8,-2.9,0.04,-1.7999999999999998,-0.32,-1,none,90.0,-1,align_to_drywall,board_approach,0,0.0,0.0,0,0,0,0.0,-1,AgiBot Genie G2 (official USD)
79,2.6333,board_handling,-2.8,-2.55,1.3,-5.0,-4.0,-2.0,-5.0,-3.84,-2.25,-2.8,-2.9,0.04,-1.7999999999999998,-0.32,-1,none,90.0,-1,align_to_drywall,board_approach,0,0.0,0.0,0,0,0,0.0,-1,AgiBot Genie G2 (official USD)
80,2.6667,board_handling,-2.8,-2.55,1.3,-5.0,-4.0,-2.0,-5.0,-3.84,-2.25,-2.8,-2.9,0.04,-1.7999999999999998,-0.32,-1,none,90.0,-1,align_to_drywall,board_approach,0,0.0,0.0,0,0,0,0.0,-1,AgiBot Genie G2 (official USD)
81,2.7,board_handling,-2.8,-2.55,1.3,-5.0,-4.0,-2.0,-5.0,-3.84,-2.25,-2.8,-2.9,0.04,-1.7999999999999998,-0.32,-1,none,90.0,-1,align_to_drywall,board_approach,0,0.0,0.0,0,0,0,0.0,-1,AgiBot Genie G2 (official USD)
82,2.7333,board_handling,-2.8,-2.55,1.3,-5.0,-4.0,-2.0,-5.0,-3.84,-2.25,-2.8,-2.9,0.04,-1.7999999999999998,-0.32,-1,none,90.0,-1,align_to_drywall,board_approach,0,0.0,0.0,0,0,0,0.0,-1,AgiBot Genie G2 (official USD)
83,2.7667,board_handling,-2.8,-2.55,1.3,-5.0,-4.0,-2.0,-5.0,-3.84,-2.25,-2.8,-2.9,0.04,-1.7999999999999998,-0.32,-1,none,90.0,-1,align_to_drywall,board_approach,0,0.0,0.0,0,0,0,0.0,-1,AgiBot Genie G2 (official USD)
84,2.8,board_handling,-2.8,-2.55,1.3,-5.0,-4.0,-2.0,-5.0,-3.84,-2.25,-2.8,-2.9,0.04,-1.7999999999999998,-0.32,-1,none,90.0,-1,align_to_drywall,board_approach,0,0.0,0.0,0,0,0,0.0,-1,AgiBot Genie G2 (official USD)
85,2.8333,board_handling,-2.8,-2.55,1.3,-5.0,-4.0,-2.0,-5.0,-3.84,-2.25,-2.8,-2.9,0.04,-1.7999999999999998,-0.32,-1,none,90.0,-1,align_to_drywall,board_approach,0,0.0,0.0,0,0,0,0.0,-1,AgiBot Genie G2 (official USD)
86,2.8667,board_handling,-2.8,-2.55,1.3,-5.0,-4.0,-2.0,-5.0,-3.84,-2.25,-2.8,-2.9,0.04,-1.7999999999999998,-0.32,-1,none,90.0,-1,align_to_drywall,board_approach,0,0.0,0.0,0,0,0,0.0,-1,AgiBot Genie G2 (official USD)
87,2.9,board_handling,-2.8,-2.55,1.3,-5.0,-4.0,-2.0,-5.0,-3.84,-2.25,-2.8,-2.9,0.04,-1.7999999999999998,-0.32,-1,none,90.0,-1,align_to_drywall,board_approach,0,0.0,0.0,0,0,0,0.0,-1,AgiBot Genie G2 (official USD)
88,2.9333,board_handling,-2.8,-2.55,1.3,-5.0,-4.0,-2.0,-5.0,-3.84,-2.25,-2.8,-2.9,0.04,-1.7999999999999998,-0.32,-1,none,90.0,-1,align_to_drywall,board_approach,0,0.0,0.0,0,0,0,0.0,-1,AgiBot Genie G2 (official USD)
89,2.9667,board_handling,-2.8,-2.55,1.3,-5.0,-4.0,-2.0,-5.0,-3.84,-2.25,-2.8,-2.9,0.04,-1.7999999999999998,-0.32,-1,none,90.0,-1,align_to_drywall,board_approach,0,0.0,0.0,0,0,0,0.0,-1,AgiBot Genie G2 (official USD)
90,3.0,board_handling,-2.8,-2.55,1.3,-5.0,-4.0,-2.0,-5.0,-3.84,-2.25,-2.8,-2.9,0.04,-1.7999999999999998,-0.32,-1,none,90.0,-1,align_to_drywall,board_approach,0,0.0,0.0,0,0,0,0.0,-1,AgiBot Genie G2 (official USD)
91,3.0333,board_handling,-2.8,-2.55,1.3,-5.0,-4.0,-2.0,-5.0,-3.84,-2.25,-2.8,-2.9,0.04,-1.7999999999999998,-0.32,-1,none,90.0,-1,align_to_drywall,board_approach,0,0.0,0.0,0,0,0,0.0,-1,AgiBot Genie G2 (official USD)
92,3.0667,board_handling,-2.8,-2.55,1.3,-5.0,-4.0,-2.0,-5.0,-3.84,-2.25,-2.8,-2.9,0.04,-1.7999999999999998,-0.32,-1,none,90.0,-1,align_to_drywall,board_approach,0,0.0,0.0,0,0,0,0.0,-1,AgiBot Genie G2 (official USD)
93,3.1,board_handling,-2.8,-2.55,1.3,-5.0,-4.0,-2.0,-5.0,-3.84,-2.25,-2.8,-2.9,0.04,-1.7999999999999998,-0.32,-1,none,90.0,-1,align_to_drywall,board_approach,0,0.0,0.0,0,0,0,0.0,-1,AgiBot Genie G2 (official USD)
94,3.1333,board_handling,-2.8,-2.55,1.3,-5.0,-4.0,-2.0,-5.0,-3.84,-2.25,-2.8,-2.9,0.04,-1.7999999999999998,-0.32,-1,none,90.0,-1,align_to_drywall,board_approach,0,0.0,0.0,0,0,0,0.0,-1,AgiBot Genie G2 (official USD)
95,3.1667,board_handling,-2.8,-2.55,1.3,-5.0,-4.0,-2.0,-5.0,-3.84,-2.25,-2.8,-2.9,0.04,-1.7999999999999998,-0.32,-1,none,90.0,-1,align_to_drywall,board_approach,0,0.0,0.0,0,0,0,0.0,-1,AgiBot Genie G2 (official USD)
96,3.2,board_handling,-2.8,-2.55,1.3,-5.0,-4.0,-2.0,-5.0,-3.84,-2.25,-2.8,-2.9,0.04,-1.7999999999999998,-0.32,-1,none,90.0,-1,align_to_drywall,board_approach,0,0.0,0.0,0,0,0,0.0,-1,AgiBot Genie G2 (official USD)
97,3.2333,board_handling,-2.8,-2.55,1.3,-5.0,-4.0,-2.0,-5.0,-3.84,-2.25,-2.8,-2.9,0.04,-1.7999999999999998,-0.32,-1,none,90.0,-1,align_to_drywall,board_approach,0,0.0,0.0,0,0,0,0.0,-1,AgiBot Genie G2 (official USD)
98,3.2667,board_handling,-2.8,-2.55,1.3,-5.0,-4.0,-2.0,-5.0,-3.84,-2.25,-2.8,-2.9,0.04,-1.7999999999999998,-0.32,-1,none,90.0,-1,align_to_drywall,board_approach,0,0.0,0.0,0,0,0,0.0,-1,AgiBot Genie G2 (official USD)
99,3.3,board_handling,-2.8,-2.55,1.3,-5.0,-4.0,-2.0,-5.0,-3.84,-2.25,-2.8,-2.9,0.04,-1.7999999999999998,-0.32,-1,none,90.0,-1,align_to_drywall,board_approach,0,0.0,0.0,0,0,0,0.0,-1,AgiBot Genie G2 (official USD)
100,3.3333,board_handling,-2.8,-2.55,1.3,-5.0,-4.0,-2.0,-5.0,-3.84,-2.25,-2.8,-2.9,0.04,-1.7999999999999998,-0.32,-1,none,90.0,-1,align_to_drywall,board_approach,0,0.0,0.0,0,0,0,0.0,-1,AgiBot Genie G2 (official USD)
101,3.3667,board_handling,-2.8,-2.55,1.3,-5.0,-4.0,-2.0,-5.0,-3.84,-2.25,-2.8,-2.9,0.04,-1.7999999999999998,-0.32,-1,none,90.0,-1,align_to_drywall,board_approach,0,0.0,0.0,0,0,0,0.0,-1,AgiBot Genie G2 (official USD)
102,3.4,board_handling,-2.8,-2.55,1.3,-5.0,-4.0,-2.0,-5.0,-3.84,-2.25,-2.8,-2.9,0.04,-1.7999999999999998,-0.32,-1,none,90.0,-1,align_to_drywall,board_approach,0,0.0,0.0,0,0,0,0.0,-1,AgiBot Genie G2 (official USD)
103,3.4333,board_handling,-2.8,-2.55,1.3,-5.0,-4.0,-2.0,-5.0,-3.84,-2.25,-2.8,-2.9,0.04,-1.7999999999999998,-0.32,-1,none,90.0,-1,align_to_drywall,board_approach,0,0.0,0.0,0,0,0,0.0,-1,AgiBot Genie G2 (official USD)
104,3.4667,board_handling,-2.8,-2.55,1.3,-5.0,-4.0,-2.0,-5.0,-3.84,-2.25,-2.8,-2.9,0.04,-1.7999999999999998,-0.32,-1,none,90.0,-1,align_to_drywall,board_approach,0,0.0,0.0,0,0,0,0.0,-1,AgiBot Genie G2 (official USD)
105,3.5,board_handling,-2.8,-2.55,1.3,-5.0,-4.0,-2.0,-5.0,-3.84,-2.25,-2.8,-2.9,0.04,-1.7999999999999998,-0.32,-1,none,90.0,-1,grasp_drywall,board_grasp,1,80.0,0.0,0,1,0,0.0,-1,AgiBot Genie G2 (official USD)
106,3.5333,board_handling,-2.8,-2.55,1.3,-5.0,-4.0,-2.0,-5.0,-3.84,-2.25,-2.8,-2.9,0.04,-1.7999999999999998,-0.32,-1,none,90.0,-1,grasp_drywall,board_grasp,1,80.0,0.0,0,1,0,0.0,-1,AgiBot Genie G2 (official USD)
107,3.5667,board_handling,-2.8,-2.55,1.3,-5.0,-4.0,-2.0,-5.0,-3.84,-2.25,-2.8,-2.9,0.04,-1.7999999999999998,-0.32,-1,none,90.0,-1,grasp_drywall,board_grasp,1,80.0,0.0,0,1,0,0.0,-1,AgiBot Genie G2 (official USD)
108,3.6,board_handling,-2.8,-2.55,1.3,-5.0,-4.0,-2.0,-5.0,-3.84,-2.25,-2.8,-2.9,0.04,-1.7999999999999998,-0.32,-1,none,90.0,-1,grasp_drywall,board_grasp,1,80.0,0.0,0,1,0,0.0,-1,AgiBot Genie G2 (official USD)
109,3.6333,board_handling,-2.8,-2.55,1.3,-5.0,-4.0,-2.0,-5.0,-3.84,-2.25,-2.8,-2.9,0.04,-1.7999999999999998,-0.32,-1,none,90.0,-1,grasp_drywall,board_grasp,1,80.0,0.0,0,1,0,0.0,-1,AgiBot Genie G2 (official USD)
110,3.6667,board_handling,-2.8,-2.55,1.3,-5.0,-4.0,-2.0,-5.0,-3.84,-2.25,-2.8,-2.9,0.04,-1.7999999999999998,-0.32,-1,none,90.0,-1,grasp_drywall,board_grasp,1,80.0,0.0,0,1,0,0.0,-1,AgiBot Genie G2 (official USD)
111,3.7,board_handling,-2.8,-2.55,1.3,-5.0,-4.0,-2.0,-5.0,-3.84,-2.25,-2.8,-2.9,0.04,-1.7999999999999998,-0.32,-1,none,90.0,-1,grasp_drywall,board_grasp,1,80.0,0.0,0,1,0,0.0,-1,AgiBot Genie G2 (official USD)
112,3.7333,board_handling,-2.8,-2.55,1.3,-5.0,-4.0,-2.0,-5.0,-3.84,-2.25,-2.8,-2.9,0.04,-1.7999999999999998,-0.32,-1,none,90.0,-1,grasp_drywall,board_grasp,1,80.0,0.0,0,1,0,0.0,-1,AgiBot Genie G2 (official USD)
113,3.7667,board_handling,-2.8,-2.55,1.3,-5.0,-4.0,-2.0,-5.0,-3.84,-2.25,-2.8,-2.9,0.04,-1.7999999999999998,-0.32,-1,none,90.0,-1,grasp_drywall,board_grasp,1,80.0,0.0,0,1,0,0.0,-1,AgiBot Genie G2 (official USD)
114,3.8,board_handling,-2.8,-2.55,1.3,-5.0,-4.0,-2.0,-5.0,-3.84,-2.25,-2.8,-2.9,0.04,-1.7999999999999998,-0.32,-1,none,90.0,-1,grasp_drywall,board_grasp,1,80.0,0.0,0,1,0,0.0,-1,AgiBot Genie G2 (official USD)
115,3.8333,board_handling,-2.8,-2.55,1.3,-5.0,-4.0,-2.0,-5.0,-3.84,-2.25,-2.8,-2.9,0.04,-1.7999999999999998,-0.32,-1,none,90.0,-1,grasp_drywall,board_grasp,1,80.0,0.0,0,1,0,0.0,-1,AgiBot Genie G2 (official USD)
116,3.8667,board_handling,-2.8,-2.55,1.3,-5.0,-4.0,-2.0,-5.0,-3.84,-2.25,-2.8,-2.9,0.04,-1.7999999999999998,-0.32,-1,none,90.0,-1,grasp_drywall,board_grasp,1,80.0,0.0,0,1,0,0.0,-1,AgiBot Genie G2 (official USD)
117,3.9,board_handling,-2.8,-2.55,1.3,-5.0,-4.0,-2.0,-5.0,-3.84,-2.25,-2.8,-2.9,0.04,-1.7999999999999998,-0.32,-1,none,90.0,-1,grasp_drywall,board_grasp,1,80.0,0.0,0,1,0,0.0,-1,AgiBot Genie G2 (official USD)
118,3.9333,board_handling,-2.8,-2.55,1.3,-5.0,-4.0,-2.0,-5.0,-3.84,-2.25,-2.8,-2.9,0.04,-1.7999999999999998,-0.32,-1,none,90.0,-1,grasp_drywall,board_grasp,1,80.0,0.0,0,1,0,0.0,-1,AgiBot Genie G2 (official USD)
119,3.9667,board_handling,-2.8,-2.55,1.3,-5.0,-4.0,-2.0,-5.0,-3.84,-2.25,-2.8,-2.9,0.04,-1.7999999999999998,-0.32,-1,none,90.0,-1,grasp_drywall,board_grasp,1,80.0,0.0,0,1,0,0.0,-1,AgiBot Genie G2 (official USD)
120,4.0,board_handling,-2.8,-2.55,1.3,-5.0,-4.0,-2.0,-5.0,-3.84,-2.25,-2.8,-2.9,0.04,-1.7999999999999998,-0.32,-1,none,90.0,-1,grasp_drywall,board_grasp,1,80.0,0.0,0,1,0,0.0,-1,AgiBot Genie G2 (official USD)
121,4.0333,board_handling,-2.8,-2.55,1.3,-5.0,-4.0,-2.0,-5.0,-3.84,-2.25,-2.8,-2.9,0.04,-1.7999999999999998,-0.32,-1,none,90.0,-1,grasp_drywall,board_grasp,1,80.0,0.0,0,1,0,0.0,-1,AgiBot Genie G2 (official USD)
122,4.0667,board_handling,-2.8,-2.55,1.3,-5.0,-4.0,-2.0,-5.0,-3.84,-2.25,-2.8,-2.9,0.04,-1.7999999999999998,-0.32,-1,none,90.0,-1,grasp_drywall,board_grasp,1,80.0,0.0,0,1,0,0.0,-1,AgiBot Genie G2 (official USD)
123,4.1,board_handling,-2.8,-2.55,1.3,-5.0,-4.0,-2.0,-5.0,-3.84,-2.25,-2.8,-2.9,0.04,-1.7999999999999998,-0.32,-1,none,90.0,-1,grasp_drywall,board_grasp,1,80.0,0.0,0,1,0,0.0,-1,AgiBot Genie G2 (official USD)
124,4.1333,board_handling,-2.8,-2.55,1.3,-5.0,-4.0,-2.0,-5.0,-3.84,-2.25,-2.8,-2.9,0.04,-1.7999999999999998,-0.32,-1,none,90.0,-1,grasp_drywall,board_grasp,1,80.0,0.0,0,1,0,0.0,-1,AgiBot Genie G2 (official USD)
125,4.1667,board_handling,-2.8,-2.55,1.3,-5.0,-4.0,-2.0,-5.0,-3.84,-2.25,-2.8,-2.9,0.04,-1.7999999999999998,-0.32,-1,none,90.0,-1,grasp_drywall,board_grasp,1,80.0,0.0,0,1,0,0.0,-1,AgiBot Genie G2 (official USD)
126,4.2,board_handling,-2.8,-2.55,1.3,-5.0,-4.0,-2.0,-5.0,-3.84,-2.25,-2.8,-2.9,0.04,-1.7999999999999998,-0.32,-1,none,90.0,-1,grasp_drywall,board_grasp,1,80.0,0.0,0,1,0,0.0,-1,AgiBot Genie G2 (official USD)
127,4.2333,board_handling,-2.8,-2.55,1.3,-5.0,-4.0,-2.0,-5.0,-3.84,-2.25,-2.8,-2.9,0.04,-1.7999999999999998,-0.32,-1,none,90.0,-1,grasp_drywall,board_grasp,1,80.0,0.0,0,1,0,0.0,-1,AgiBot Genie G2 (official USD)
128,4.2667,board_handling,-2.8,-2.55,1.3,-5.0,-4.0,-2.0,-5.0,-3.84,-2.25,-2.8,-2.9,0.04,-1.7999999999999998,-0.32,-1,none,90.0,-1,grasp_drywall,board_grasp,1,80.0,0.0,0,1,0,0.0,-1,AgiBot Genie G2 (official USD)
129,4.3,board_handling,-2.8,-2.55,1.3,-5.0,-4.0,-2.0,-5.0,-3.84,-2.25,-2.8,-2.9,0.04,-1.7999999999999998,-0.32,-1,none,90.0,-1,grasp_drywall,board_grasp,1,80.0,0.0,0,1,0,0.0,-1,AgiBot Genie G2 (official USD)
130,4.3333,board_handling,-2.8,-2.55,1.3,-5.0,-4.0,-2.0,-5.0,-3.84,-2.25,-2.8,-2.9,0.04,-1.7999999999999998,-0.32,-1,none,90.0,-1,grasp_drywall,board_grasp,1,80.0,0.0,0,1,0,0.0,-1,AgiBot Genie G2 (official USD)
131,4.3667,board_handling,-2.8,-2.55,1.3,-5.0,-4.0,-2.0,-5.0,-3.84,-2.25,-2.8,-2.9,0.04,-1.7999999999999998,-0.32,-1,none,90.0,-1,grasp_drywall,board_grasp,1,80.0,0.0,0,1,0,0.0,-1,AgiBot Genie G2 (official USD)
132,4.4,board_handling,-2.8,-2.55,1.3,-5.0,-4.0,-2.0,-5.0,-3.84,-2.25,-2.8,-2.9,0.04,-1.7999999999999998,-0.32,-1,none,90.0,-1,grasp_drywall,board_grasp,1,80.0,0.0,0,1,0,0.0,-1,AgiBot Genie G2 (official USD)
133,4.4333,board_handling,-2.8,-2.55,1.3,-5.0,-4.0,-2.0,-5.0,-3.84,-2.25,-2.8,-2.9,0.04,-1.7999999999999998,-0.32,-1,none,90.0,-1,grasp_drywall,board_grasp,1,80.0,0.0,0,1,0,0.0,-1,AgiBot Genie G2 (official USD)
134,4.4667,board_handling,-2.8,-2.55,1.3,-5.0,-4.0,-2.0,-5.0,-3.84,-2.25,-2.8,-2.9,0.04,-1.7999999999999998,-0.32,-1,none,90.0,-1,grasp_drywall,board_grasp,1,80.0,0.0,0,1,0,0.0,-1,AgiBot Genie G2 (official USD)
135,4.5,board_handling,-2.8,-2.55,1.3,-5.0,-4.0,-2.0,-5.0,-3.84,-2.25,-2.8,-2.9,0.04,-1.7999999999999998,-0.32,-1,none,90.0,-1,grasp_drywall,board_grasp,1,80.0,0.0,0,1,0,0.0,-1,AgiBot Genie G2 (official USD)
136,4.5333,board_handling,-2.8,-2.55,1.3,-5.0,-4.0,-2.0,-5.0,-3.84,-2.25,-2.8,-2.9,0.04,-1.7999999999999998,-0.32,-1,none,90.0,-1,grasp_drywall,board_grasp,1,80.0,0.0,0,1,0,0.0,-1,AgiBot Genie G2 (official USD)
137,4.5667,board_handling,-2.8,-2.55,1.3,-5.0,-4.0,-2.0,-5.0,-3.84,-2.25,-2.8,-2.9,0.04,-1.7999999999999998,-0.32,-1,none,90.0,-1,grasp_drywall,board_grasp,1,80.0,0.0,0,1,0,0.0,-1,AgiBot Genie G2 (official USD)
138,4.6,board_handling,-2.8,-2.55,1.3,-5.0,-4.0,-2.0,-5.0,-3.84,-2.25,-2.8,-2.9,0.04,-1.7999999999999998,-0.32,-1,none,90.0,-1,grasp_drywall,board_grasp,1,80.0,0.0,0,1,0,0.0,-1,AgiBot Genie G2 (official USD)
139,4.6333,board_handling,-2.8,-2.55,1.3,-5.0,-4.0,-2.0,-5.0,-3.84,-2.25,-2.8,-2.9,0.04,-1.7999999999999998,-0.32,-1,none,90.0,-1,grasp_drywall,board_grasp,1,80.0,0.0,0,1,0,0.0,-1,AgiBot Genie G2 (official USD)
140,4.6667,board_handling,-2.8,-2.55,1.3,-5.0,-4.0,-2.0,-5.0,-3.84,-2.25,-2.8,-2.9,0.04,-1.7999999999999998,-0.32,-1,none,90.0,-1,grasp_drywall,board_grasp,1,80.0,0.0,0,1,0,0.0,-1,AgiBot Genie G2 (official USD)
141,4.7,board_handling,-2.8,-2.55,1.3,-5.0,-4.0,-2.0,-5.0,-3.84,-2.25,-2.8,-2.9,0.04,-1.7999999999999998,-0.32,-1,none,90.0,-1,grasp_drywall,board_grasp,1,80.0,0.0,0,1,0,0.0,-1,AgiBot Genie G2 (official USD)
142,4.7333,board_handling,-2.8,-2.55,1.3,-5.0,-4.0,-2.0,-5.0,-3.84,-2.25,-2.8,-2.9,0.04,-1.7999999999999998,-0.32,-1,none,90.0,-1,grasp_drywall,board_grasp,1,80.0,0.0,0,1,0,0.0,-1,AgiBot Genie G2 (official USD)
143,4.7667,board_handling,-2.8,-2.55,1.3,-5.0,-4.0,-2.0,-5.0,-3.84,-2.25,-2.8,-2.9,0.04,-1.7999999999999998,-0.32,-1,none,90.0,-1,grasp_drywall,board_grasp,1,80.0,0.0,0,1,0,0.0,-1,AgiBot Genie G2 (official USD)
144,4.8,board_handling,-2.8,-2.55,1.3,-5.0,-4.0,-2.0,-5.0,-3.84,-2.25,-2.8,-2.9,0.04,-1.7999999999999998,-0.32,-1,none,90.0,-1,grasp_drywall,board_grasp,1,80.0,0.0,0,1,0,0.0,-1,AgiBot Genie G2 (official USD)
145,4.8333,board_handling,-2.8,-2.55,1.3,-5.0,-4.0,-2.0,-5.0,-3.84,-2.25,-2.8,-2.9,0.04,-1.7999999999999998,-0.32,-1,none,90.0,-1,grasp_drywall,board_grasp,1,80.0,0.0,0,1,0,0.0,-1,AgiBot Genie G2 (official USD)
146,4.8667,board_handling,-2.8,-2.55,1.3,-5.0,-4.0,-2.0,-5.0,-3.84,-2.25,-2.8,-2.9,0.04,-1.7999999999999998,-0.32,-1,none,90.0,-1,grasp_drywall,board_grasp,1,80.0,0.0,0,1,0,0.0,-1,AgiBot Genie G2 (official USD)
147,4.9,board_handling,-2.8,-2.55,1.3,-5.0,-4.0,-2.0,-5.0,-3.84,-2.25,-2.8,-2.9,0.04,-1.7999999999999998,-0.32,-1,none,90.0,-1,grasp_drywall,board_grasp,1,80.0,0.0,0,1,0,0.0,-1,AgiBot Genie G2 (official USD)
148,4.9333,board_handling,-2.8,-2.55,1.3,-5.0,-4.0,-2.0,-5.0,-3.84,-2.25,-2.8,-2.9,0.04,-1.7999999999999998,-0.32,-1,none,90.0,-1,grasp_drywall,board_grasp,1,80.0,0.0,0,1,0,0.0,-1,AgiBot Genie G2 (official USD)
149,4.9667,board_handling,-2.8,-2.55,1.3,-5.0,-4.0,-2.0,-5.0,-3.84,-2.25,-2.8,-2.9,0.04,-1.7999999999999998,-0.32,-1,none,90.0,-1,grasp_drywall,board_grasp,1,80.0,0.0,0,1,0,0.0,-1,AgiBot Genie G2 (official USD)
150,5.0,board_handling,-2.8,-2.55,1.3,-5.0,-4.0,-2.0,-5.0,-3.84,-2.25,-2.8,-2.9,0.04,-1.7999999999999998,-0.32,-1,none,90.0,-1,lift_drywall,board_lift,1,80.0,0.0,0,1,0,0.0,-1,AgiBot Genie G2 (official USD)
151,5.0333,board_handling,-2.8,-2.55,1.3004670507544582,-5.0,-4.0,-2.0,-5.0,-3.84,-2.25,-2.8,-2.9,0.04,-1.7999999999999998,-0.32,-1,none,90.0,-1,lift_drywall,board_lift,1,80.0,0.0,0,1,0,0.0,-1,AgiBot Genie G2 (official USD)
152,5.0667,board_handling,-2.8,-2.55,1.301840109739369,-5.0,-4.0,-2.0,-5.0,-3.84,-2.25,-2.8,-2.9,0.04,-1.7999999999999998,-0.32,-1,none,90.0,-1,lift_drywall,board_lift,1,80.0,0.0,0,1,0,0.0,-1,AgiBot Genie G2 (official USD)
153,5.1,board_handling,-2.8,-2.55,1.3040770370370371,-5.0,-4.0,-2.0,-5.0,-3.84,-2.25,-2.8,-2.9,0.04,-1.7999999999999998,-0.32,-1,none,90.0,-1,lift_drywall,board_lift,1,80.0,0.0,0,1,0,0.0,-1,AgiBot Genie G2 (official USD)
154,5.1333,board_handling,-2.8,-2.55,1.3071356927297668,-5.0,-4.0,-2.0,-5.0,-3.84,-2.25,-2.8,-2.9,0.04,-1.7999999999999998,-0.32,-1,none,90.0,-1,lift_drywall,board_lift,1,80.0,0.0,0,1,0,0.0,-1,AgiBot Genie G2 (official USD)
155,5.1667,board_handling,-2.8,-2.55,1.310973936899863,-5.0,-4.0,-2.0,-5.0,-3.84,-2.25,-2.8,-2.9,0.04,-1.7999999999999998,-0.32,-1,none,90.0,-1,lift_drywall,board_lift,1,80.0,0.0,0,1,0,0.0,-1,AgiBot Genie G2 (official USD)
156,5.2,board_handling,-2.8,-2.55,1.3155496296296296,-5.0,-4.0,-2.0,-5.0,-3.84,-2.25,-2.8,-2.9,0.04,-1.7999999999999998,-0.32,-1,none,90.0,-1,lift_drywall,board_lift,1,80.0,0.0,0,1,0,0.0,-1,AgiBot Genie G2 (official USD)
157,5.2333,board_handling,-2.8,-2.55,1.3208206310013717,-5.0,-4.0,-2.0,-5.0,-3.84,-2.25,-2.8,-2.9,0.04,-1.7999999999999998,-0.32,-1,none,90.0,-1,lift_drywall,board_lift,1,80.0,0.0,0,1,0,0.0,-1,AgiBot Genie G2 (official USD)
158,5.2667,board_handling,-2.8,-2.55,1.3267448010973937,-5.0,-4.0,-2.0,-5.0,-3.84,-2.25,-2.8,-2.9,0.04,-1.7999999999999998,-0.32,-1,none,90.0,-1,lift_drywall,board_lift,1,80.0,0.0,0,1,0,0.0,-1,AgiBot Genie G2 (official USD)
159,5.3,board_handling,-2.8,-2.55,1.33328,-5.0,-4.0,-2.0,-5.0,-3.84,-2.25,-2.8,-2.9,0.04,-1.7999999999999998,-0.32,-1,none,90.0,-1,lift_drywall,board_lift,1,80.0,0.0,0,1,0,0.0,-1,AgiBot Genie G2 (official USD)
160,5.3333,board_handling,-2.8,-2.55,1.3403840877914952,-5.0,-4.0,-2.0,-5.0,-3.84,-2.25,-2.8,-2.9,0.04,-1.7999999999999998,-0.32,-1,none,90.0,-1,lift_drywall,board_lift,1,80.0,0.0,0,1,0,0.0,-1,AgiBot Genie G2 (official USD)
161,5.3667,board_handling,-2.8,-2.55,1.3480149245541837,-5.0,-4.0,-2.0,-5.0,-3.84,-2.25,-2.8,-2.9,0.04,-1.7999999999999998,-0.32,-1,none,90.0,-1,lift_drywall,board_lift,1,80.0,0.0,0,1,0,0.0,-1,AgiBot Genie G2 (official USD)
162,5.4,board_handling,-2.8,-2.55,1.3561303703703704,-5.0,-4.0,-2.0,-5.0,-3.84,-2.25,-2.8,-2.9,0.04,-1.7999999999999998,-0.32,-1,none,90.0,-1,lift_drywall,board_lift,1,80.0,0.0,0,1,0,0.0,-1,AgiBot Genie G2 (official USD)
163,5.4333,board_handling,-2.8,-2.55,1.3646882853223594,-5.0,-4.0,-2.0,-5.0,-3.84,-2.25,-2.8,-2.9,0.04,-1.7999999999999998,-0.32,-1,none,90.0,-1,lift_drywall,board_lift,1,80.0,0.0,0,1,0,0.0,-1,AgiBot Genie G2 (official USD)
164,5.4667,board_handling,-2.8,-2.55,1.3736465294924556,-5.0,-4.0,-2.0,-5.0,-3.84,-2.25,-2.8,-2.9,0.04,-1.7999999999999998,-0.32,-1,none,90.0,-1,lift_drywall,board_lift,1,80.0,0.0,0,1,0,0.0,-1,AgiBot Genie G2 (official USD)
165,5.5,board_handling,-2.8,-2.55,1.382962962962963,-5.0,-4.0,-2.0,-5.0,-3.84,-2.25,-2.8,-2.9,0.04,-1.7999999999999998,-0.32,-1,none,90.0,-1,lift_drywall,board_lift,1,80.0,0.0,0,1,0,0.0,-1,AgiBot Genie G2 (official USD)
166,5.5333,board_handling,-2.8,-2.55,1.3925954458161867,-5.0,-4.0,-2.0,-5.0,-3.84,-2.25,-2.8,-2.9,0.04,-1.7999999999999998,-0.32,-1,none,90.0,-1,lift_drywall,board_lift,1,80.0,0.0,0,1,0,0.0,-1,AgiBot Genie G2 (official USD)
167,5.5667,board_handling,-2.8,-2.55,1.4025018381344307,-5.0,-4.0,-2.0,-5.0,-3.84,-2.25,-2.8,-2.9,0.04,-1.7999999999999998,-0.32,-1,none,90.0,-1,lift_drywall,board_lift,1,80.0,0.0,0,1,0,0.0,-1,AgiBot Genie G2 (official USD)
168,5.6,board_handling,-2.8,-2.55,1.41264,-5.0,-4.0,-2.0,-5.0,-3.84,-2.25,-2.8,-2.9,0.04,-1.7999999999999998,-0.32,-1,none,90.0,-1,lift_drywall,board_lift,1,80.0,0.0,0,1,0,0.0,-1,AgiBot Genie G2 (official USD)
169,5.6333,board_handling,-2.8,-2.55,1.422967791495199,-5.0,-4.0,-2.0,-5.0,-3.84,-2.25,-2.8,-2.9,0.04,-1.7999999999999998,-0.32,-1,none,90.0,-1,lift_drywall,board_lift,1,80.0,0.0,0,1,0,0.0,-1,AgiBot Genie G2 (official USD)
170,5.6667,board_handling,-2.8,-2.55,1.4334430727023322,-5.0,-4.0,-2.0,-5.0,-3.84,-2.25,-2.8,-2.9,0.04,-1.7999999999999998,-0.32,-1,none,90.0,-1,lift_drywall,board_lift,1,80.0,0.0,0,1,0,0.0,-1,AgiBot Genie G2 (official USD)
171,5.7,board_handling,-2.8,-2.55,1.4440237037037038,-5.0,-4.0,-2.0,-5.0,-3.84,-2.25,-2.8,-2.9,0.04,-1.7999999999999998,-0.32,-1,none,90.0,-1,lift_drywall,board_lift,1,80.0,0.0,0,1,0,0.0,-1,AgiBot Genie G2 (official USD)
172,5.7333,board_handling,-2.8,-2.55,1.4546675445816188,-5.0,-4.0,-2.0,-5.0,-3.84,-2.25,-2.8,-2.9,0.04,-1.7999999999999998,-0.32,-1,none,90.0,-1,lift_drywall,board_lift,1,80.0,0.0,0,1,0,0.0,-1,AgiBot Genie G2 (official USD)
173,5.7667,board_handling,-2.8,-2.55,1.4653324554183813,-5.0,-4.0,-2.0,-5.0,-3.84,-2.25,-2.8,-2.9,0.04,-1.7999999999999998,-0.32,-1,none,90.0,-1,lift_drywall,board_lift,1,80.0,0.0,0,1,0,0.0,-1,AgiBot Genie G2 (official USD)
174,5.8,board_handling,-2.8,-2.55,1.4759762962962963,-5.0,-4.0,-2.0,-5.0,-3.84,-2.25,-2.8,-2.9,0.04,-1.7999999999999998,-0.32,-1,none,90.0,-1,lift_drywall,board_lift,1,80.0,0.0,0,1,0,0.0,-1,AgiBot Genie G2 (official USD)
175,5.8333,board_handling,-2.8,-2.55,1.486556927297668,-5.0,-4.0,-2.0,-5.0,-3.84,-2.25,-2.8,-2.9,0.04,-1.7999999999999998,-0.32,-1,none,90.0,-1,lift_drywall,board_lift,1,80.0,0.0,0,1,0,0.0,-1,AgiBot Genie G2 (official USD)
176,5.8667,board_handling,-2.8,-2.55,1.4970322085048011,-5.0,-4.0,-2.0,-5.0,-3.84,-2.25,-2.8,-2.9,0.04,-1.7999999999999998,-0.32,-1,none,90.0,-1,lift_drywall,board_lift,1,80.0,0.0,0,1,0,0.0,-1,AgiBot Genie G2 (official USD)
177,5.9,board_handling,-2.8,-2.55,1.5073600000000003,-5.0,-4.0,-2.0,-5.0,-3.84,-2.25,-2.8,-2.9,0.04,-1.7999999999999998,-0.32,-1,none,90.0,-1,lift_drywall,board_lift,1,80.0,0.0,0,1,0,0.0,-1,AgiBot Genie G2 (official USD)
178,5.9333,board_handling,-2.8,-2.55,1.5174981618655694,-5.0,-4.0,-2.0,-5.0,-3.84,-2.25,-2.8,-2.9,0.04,-1.7999999999999998,-0.32,-1,none,90.0,-1,lift_drywall,board_lift,1,80.0,0.0,0,1,0,0.0,-1,AgiBot Genie G2 (official USD)
179,5.9667,board_handling,-2.8,-2.55,1.5274045541838135,-5.0,-4.0,-2.0,-5.0,-3.84,-2.25,-2.8,-2.9,0.04,-1.7999999999999998,-0.32,-1,none,90.0,-1,lift_drywall,board_lift,1,80.0,0.0,0,1,0,0.0,-1,AgiBot Genie G2 (official USD)
180,6.0,board_handling,-2.8,-2.55,1.5370370370370372,-5.0,-4.0,-2.0,-5.0,-3.84,-2.25,-2.8,-2.9,0.04,-1.7999999999999998,-0.32,-1,none,90.0,-1,lift_drywall,board_lift,1,80.0,0.0,0,1,0,0.0,-1,AgiBot Genie G2 (official USD)
181,6.0333,board_handling,-2.8,-2.55,1.5463534705075446,-5.0,-4.0,-2.0,-5.0,-3.84,-2.25,-2.8,-2.9,0.04,-1.7999999999999998,-0.32,-1,none,90.0,-1,lift_drywall,board_lift,1,80.0,0.0,0,1,0,0.0,-1,AgiBot Genie G2 (official USD)
182,6.0667,board_handling,-2.8,-2.55,1.5553117146776407,-5.0,-4.0,-2.0,-5.0,-3.84,-2.25,-2.8,-2.9,0.04,-1.7999999999999998,-0.32,-1,none,90.0,-1,lift_drywall,board_lift,1,80.0,0.0,0,1,0,0.0,-1,AgiBot Genie G2 (official USD)
183,6.1,board_handling,-2.8,-2.55,1.5638696296296297,-5.0,-4.0,-2.0,-5.0,-3.84,-2.25,-2.8,-2.9,0.04,-1.7999999999999998,-0.32,-1,none,90.0,-1,lift_drywall,board_lift,1,80.0,0.0,0,1,0,0.0,-1,AgiBot Genie G2 (official USD)
184,6.1333,board_handling,-2.8,-2.55,1.5719850754458164,-5.0,-4.0,-2.0,-5.0,-3.84,-2.25,-2.8,-2.9,0.04,-1.7999999999999998,-0.32,-1,none,90.0,-1,lift_drywall,board_lift,1,80.0,0.0,0,1,0,0.0,-1,AgiBot Genie G2 (official USD)
185,6.1667,board_handling,-2.8,-2.55,1.579615912208505,-5.0,-4.0,-2.0,-5.0,-3.84,-2.25,-2.8,-2.9,0.04,-1.7999999999999998,-0.32,-1,none,90.0,-1,lift_drywall,board_lift,1,80.0,0.0,0,1,0,0.0,-1,AgiBot Genie G2 (official USD)
186,6.2,board_handling,-2.8,-2.55,1.5867200000000001,-5.0,-4.0,-2.0,-5.0,-3.84,-2.25,-2.8,-2.9,0.04,-1.7999999999999998,-0.32,-1,none,90.0,-1,lift_drywall,board_lift,1,80.0,0.0,0,1,0,0.0,-1,AgiBot Genie G2 (official USD)
187,6.2333,board_handling,-2.8,-2.55,1.5932551989026065,-5.0,-4.0,-2.0,-5.0,-3.84,-2.25,-2.8,-2.9,0.04,-1.7999999999999998,-0.32,-1,none,90.0,-1,lift_drywall,board_lift,1,80.0,0.0,0,1,0,0.0,-1,AgiBot Genie G2 (official USD)
188,6.2667,board_handling,-2.8,-2.55,1.5991793689986284,-5.0,-4.0,-2.0,-5.0,-3.84,-2.25,-2.8,-2.9,0.04,-1.7999999999999998,-0.32,-1,none,90.0,-1,lift_drywall,board_lift,1,80.0,0.0,0,1,0,0.0,-1,AgiBot Genie G2 (official USD)
189,6.3,board_handling,-2.8,-2.55,1.6044503703703705,-5.0,-4.0,-2.0,-5.0,-3.84,-2.25,-2.8,-2.9,0.04,-1.7999999999999998,-0.32,-1,none,90.0,-1,lift_drywall,board_lift,1,80.0,0.0,0,1,0,0.0,-1,AgiBot Genie G2 (official USD)
190,6.3333,board_handling,-2.8,-2.55,1.6090260631001372,-5.0,-4.0,-2.0,-5.0,-3.84,-2.25,-2.8,-2.9,0.04,-1.7999999999999998,-0.32,-1,none,90.0,-1,lift_drywall,board_lift,1,80.0,0.0,0,1,0,0.0,-1,AgiBot Genie G2 (official USD)
191,6.3667,board_handling,-2.8,-2.55,1.6128643072702333,-5.0,-4.0,-2.0,-5.0,-3.84,-2.25,-2.8,-2.9,0.04,-1.7999999999999998,-0.32,-1,none,90.0,-1,lift_drywall,board_lift,1,80.0,0.0,0,1,0,0.0,-1,AgiBot Genie G2 (official USD)
192,6.4,board_handling,-2.8,-2.55,1.615922962962963,-5.0,-4.0,-2.0,-5.0,-3.84,-2.25,-2.8,-2.9,0.04,-1.7999999999999998,-0.32,-1,none,90.0,-1,lift_drywall,board_lift,1,80.0,0.0,0,1,0,0.0,-1,AgiBot Genie G2 (official USD)
193,6.4333,board_handling,-2.8,-2.55,1.6181598902606311,-5.0,-4.0,-2.0,-5.0,-3.84,-2.25,-2.8,-2.9,0.04,-1.7999999999999998,-0.32,-1,none,90.0,-1,lift_drywall,board_lift,1,80.0,0.0,0,1,0,0.0,-1,AgiBot Genie G2 (official USD)
194,6.4667,board_handling,-2.8,-2.55,1.619532949245542,-5.0,-4.0,-2.0,-5.0,-3.84,-2.25,-2.8,-2.9,0.04,-1.7999999999999998,-0.32,-1,none,90.0,-1,lift_drywall,board_lift,1,80.0,0.0,0,1,0,0.0,-1,AgiBot Genie G2 (official USD)
195,6.5,board_handling,-2.8,-2.55,1.62,-5.0,-4.0,-2.0,-5.0,-3.84,-2.25,-2.8,-2.9,0.04,-1.7999999999999998,-0.32,-1,none,90.0,-1,carry_drywall,board_carry,1,80.0,0.0,0,1,0,0.0,-1,AgiBot Genie G2 (official USD)
196,6.5333,board_handling,-2.799438371551464,-2.5487519367810316,1.6199563177873362,-5.0,-4.0,-2.0,-5.0,-3.84,-2.25,-2.7993759683905157,-2.898389998447531,0.04,-1.7999999999999998,-0.32,-1,none,90.0,-1,carry_drywall,board_carry,1,80.0,0.0,0,1,0,0.0,-1,AgiBot Genie G2 (official USD)
197,6.5667,board_handling,-2.797775403413605,-2.5450564520302335,1.6198269758210584,-5.0,-4.0,-2.0,-5.0,-3.84,-2.25,-2.7975282260151166,-2.893622823119001,0.04,-1.7999999999999998,-0.32,-1,none,90.0,-1,carry_drywall,board_carry,1,80.0,0.0,0,1,0,0.0,-1,AgiBot Genie G2 (official USD)
198,6.6,board_handling,-2.795043971398044,-2.538986603106764,1.6196145311087369,-5.0,-4.0,-2.0,-5.0,-3.84,-2.25,-2.794493301553382,-2.8857927180077256,0.04,-1.7999999999999998,-0.32,-1,none,90.0,-1,carry_drywall,board_carry,1,80.0,0.0,0,1,0,0.0,-1,AgiBot Genie G2 (official USD)
199,6.6333,board_handling,-2.791276951316402,-2.5306154473697826,1.6193215406579424,-5.0,-4.0,-2.0,-5.0,-3.84,-2.25,-2.790307723684891,-2.8749939271070195,0.04,-1.7999999999999998,-0.32,-1,none,90.0,-1,carry_drywall,board_carry,1,80.0,0.0,0,1,0,0.0,-1,AgiBot Genie G2 (official USD)
200,6.6667,board_handling,-2.7865072189803017,-2.5200160421784483,1.6189505614762458,-5.0,-4.0,-2.0,-5.0,-3.84,-2.25,-2.785008021089224,-2.8613206944101988,0.04,-1.7999999999999998,-0.32,-1,none,90.0,-1,carry_drywall,board_carry,1,80.0,0.0,0,1,0,0.0,-1,AgiBot Genie G2 (official USD)
201,6.7,board_handling,-2.7807676502013643,-2.5072614448919204,1.6185041505712174,-5.0,-4.0,-2.0,-5.0,-3.84,-2.25,-2.77863072244596,-2.8448672639105776,0.04,-1.7999999999999998,-0.32,-1,none,90.0,-1,carry_drywall,board_carry,1,80.0,0.0,0,1,0,0.0,-1,AgiBot Genie G2 (official USD)
202,6.7333,board_handling,-2.774091120791211,-2.492424712869358,1.6179848649504276,-5.0,-4.0,-2.0,-5.0,-3.84,-2.25,-2.771212356434679,-2.8257278796014718,0.04,-1.7999999999999998,-0.32,-1,none,90.0,-1,carry_drywall,board_carry,1,80.0,0.0,0,1,0,0.0,-1,AgiBot Genie G2 (official USD)
203,6.7667,board_handling,-2.7665105065614637,-2.47557890346992,1.6173952616214473,-5.0,-4.0,-2.0,-5.0,-3.84,-2.25,-2.76278945173496,-2.803996785476197,0.04,-1.7999999999999998,-0.32,-1,none,90.0,-1,carry_drywall,board_carry,1,80.0,0.0,0,1,0,0.0,-1,AgiBot Genie G2 (official USD)
204,6.8,board_handling,-2.7580586833237444,-2.4567970740527656,1.616737897591847,-5.0,-4.0,-2.0,-5.0,-3.84,-2.25,-2.7533985370263827,-2.7797682255280676,0.04,-1.7999999999999998,-0.32,-1,none,90.0,-1,carry_drywall,board_carry,1,80.0,0.0,0,1,0,0.0,-1,AgiBot Genie G2 (official USD)
205,6.8333,board_handling,-2.748768526889674,-2.436152281977054,1.616015329869197,-5.0,-4.0,-2.0,-5.0,-3.84,-2.25,-2.743076140988527,-2.7531364437503996,0.04,-1.7999999999999998,-0.32,-1,none,90.0,-1,carry_drywall,board_carry,1,80.0,0.0,0,1,0,0.0,-1,AgiBot Genie G2 (official USD)
206,6.8667,board_handling,-2.7386729130708747,-2.413717584601944,1.6152301154610682,-5.0,-4.0,-2.0,-5.0,-3.84,-2.25,-2.731858792300972,-2.724195684136508,0.04,-1.7999999999999998,-0.32,-1,none,90.0,-1,carry_drywall,board_carry,1,80.0,0.0,0,1,0,0.0,-1,AgiBot Genie G2 (official USD)
207,6.9,board_handling,-2.7278047176789673,-2.3895660392865943,1.614384811375031,-5.0,-4.0,-2.0,-5.0,-3.84,-2.25,-2.7197830196432973,-2.693040190679707,0.04,-1.7999999999999998,-0.32,-1,none,90.0,-1,carry_drywall,board_carry,1,80.0,0.0,0,1,0,0.0,-1,AgiBot Genie G2 (official USD)
208,6.9333,board_handling,-2.7161968165255743,-2.3637707033901654,1.613481974618656,-5.0,-4.0,-2.0,-5.0,-3.84,-2.25,-2.7068853516950826,-2.6597642073733136,0.04,-1.7999999999999998,-0.32,-1,none,90.0,-1,carry_drywall,board_carry,1,80.0,0.0,0,1,0,0.0,-1,AgiBot Genie G2 (official USD)
209,6.9667,board_handling,-2.703882085422317,-2.336404634271816,1.6125241621995137,-5.0,-4.0,-2.0,-5.0,-3.84,-2.25,-2.6932023171359076,-2.6244619782106424,0.04,-1.7999999999999998,-0.32,-1,none,90.0,-1,carry_drywall,board_carry,1,80.0,0.0,0,1,0,0.0,-1,AgiBot Genie G2 (official USD)
210,7.0,board_handling,-2.690893400180817,-2.307540889290704,1.6115139311251747,-5.0,-4.0,-2.0,-5.0,-3.84,-2.25,-2.678770444645352,-2.5872277471850085,0.04,-1.7999999999999998,-0.32,-1,none,90.0,-1,carry_drywall,board_carry,1,80.0,0.0,0,1,0,0.0,-1,AgiBot Genie G2 (official USD)
211,7.0333,board_handling,-2.6772636366126954,-2.27725252580599,1.6104538384032097,-5.0,-4.0,-2.0,-5.0,-3.84,-2.25,-2.6636262629029948,-2.5481557582897274,0.04,-1.7999999999999998,-0.32,-1,none,90.0,-1,carry_drywall,board_carry,1,80.0,0.0,0,1,0,0.0,-1,AgiBot Genie G2 (official USD)
212,7.0667,board_handling,-2.6630256705295743,-2.2456126011768323,1.6093464410411893,-5.0,-4.0,-2.0,-5.0,-3.84,-2.25,-2.647806300588416,-2.507340255518114,0.04,-1.7999999999999998,-0.32,-1,none,90.0,-1,carry_drywall,board_carry,1,80.0,0.0,0,1,0,0.0,-1,AgiBot Genie G2 (official USD)
213,7.1,board_handling,-2.6482123777430755,-2.21269417276239,1.6081942960466837,-5.0,-4.0,-2.0,-5.0,-3.84,-2.25,-2.631347086381195,-2.4648754828634836,0.04,-1.7999999999999998,-0.32,-1,none,90.0,-1,carry_drywall,board_carry,1,80.0,0.0,0,1,0,0.0,-1,AgiBot Genie G2 (official USD)
214,7.1333,board_handling,-2.6328566340648196,-2.178570297921822,1.6069999604272638,-5.0,-4.0,-2.0,-5.0,-3.84,-2.25,-2.614285148960911,-2.42085568431915,0.04,-1.7999999999999998,-0.32,-1,none,90.0,-1,carry_drywall,board_carry,1,80.0,0.0,0,1,0,0.0,-1,AgiBot Genie G2 (official USD)
215,7.1667,board_handling,-2.6169913153064295,-2.1433140340142884,1.6057659911905002,-5.0,-4.0,-2.0,-5.0,-3.84,-2.25,-2.596657017007144,-2.375375103878432,0.04,-1.7999999999999998,-0.32,-1,none,90.0,-1,carry_drywall,board_carry,1,80.0,0.0,0,1,0,0.0,-1,AgiBot Genie G2 (official USD)
216,7.2,board_handling,-2.600649297279526,-2.1069984383989477,1.6044949453439632,-5.0,-4.0,-2.0,-5.0,-3.84,-2.25,-2.5784992191994736,-2.3285279855346426,0.04,-1.7999999999999998,-0.32,-1,none,90.0,-1,carry_drywall,board_carry,1,80.0,0.0,0,1,0,0.0,-1,AgiBot Genie G2 (official USD)
217,7.2333,board_handling,-2.5838634557957314,-2.069696568434959,1.6031893798952237,-5.0,-4.0,-2.0,-5.0,-3.84,-2.25,-2.5598482842174795,-2.2804085732810973,0.04,-1.7999999999999998,-0.32,-1,none,90.0,-1,carry_drywall,board_carry,1,80.0,0.0,0,1,0,0.0,-1,AgiBot Genie G2 (official USD)
218,7.2667,board_handling,-2.5666666666666664,-2.0314814814814817,1.6018518518518519,-5.0,-4.0,-2.0,-5.0,-3.84,-2.25,-2.5407407407407407,-2.231111111111111,0.04,-1.7999999999999998,-0.32,-1,none,90.0,-1,carry_drywall,board_carry,1,80.0,0.0,0,1,0,0.0,-1,AgiBot Genie G2 (official USD)
219,7.3,board_handling,-2.549091805703953,-1.9924262348976742,1.6004849182214187,-5.0,-4.0,-2.0,-5.0,-3.84,-2.25,-2.521213117448837,-2.1807298430179998,0.04,-1.7999999999999998,-0.32,-1,none,90.0,-1,carry_drywall,board_carry,1,80.0,0.0,0,1,0,0.0,-1,AgiBot Genie G2 (official USD)
220,7.3333,board_handling,-2.5311717487192134,-1.9526038860426962,1.5990911360114946,-5.0,-4.0,-2.0,-5.0,-3.84,-2.25,-2.501301943021348,-2.129359012995078,0.04,-1.7999999999999998,-0.32,-1,none,90.0,-1,carry_drywall,board_carry,1,80.0,0.0,0,1,0,0.0,-1,AgiBot Genie G2 (official USD)
221,7.3667,board_handling,-2.5129393715240678,-1.9120874922757065,1.5976730622296498,-5.0,-4.0,-2.0,-5.0,-3.84,-2.25,-2.4810437461378534,-2.0770928650356613,0.04,-1.7999999999999998,-0.32,-1,none,90.0,-1,carry_drywall,board_carry,1,80.0,0.0,0,1,0,0.0,-1,AgiBot Genie G2 (official USD)
222,7.4,board_handling,-2.4944275499301387,-1.8709501109558637,1.5962332538834554,-5.0,-4.0,-2.0,-5.0,-3.84,-2.25,-2.4604750554779318,-2.024025643133064,0.04,-1.7999999999999998,-0.32,-1,none,90.0,-1,carry_drywall,board_carry,1,80.0,0.0,0,1,0,0.0,-1,AgiBot Genie G2 (official USD)
223,7.4333,board_handling,-2.4756691597490477,-1.8292647994423283,1.5947742679804815,-5.0,-4.0,-2.0,-5.0,-3.84,-2.25,-2.439632399721164,-1.9702515912806036,0.04,-1.7999999999999998,-0.32,-1,none,90.0,-1,carry_drywall,board_carry,1,80.0,0.0,0,1,0,0.0,-1,AgiBot Genie G2 (official USD)
224,7.4667,board_handling,-2.4566970767924166,-1.7871046150942589,1.5932986615282991,-5.0,-4.0,-2.0,-5.0,-3.84,-2.25,-2.418552307547129,-1.915864953471594,0.04,-1.7999999999999998,-0.32,-1,none,90.0,-1,carry_drywall,board_carry,1,80.0,0.0,0,1,0,0.0,-1,AgiBot Genie G2 (official USD)
225,7.5,board_handling,-2.4375441768718664,-1.7445426152708143,1.5918089915344786,-5.0,-4.0,-2.0,-5.0,-3.84,-2.25,-2.397271307635407,-1.8609599736993505,0.04,-1.7999999999999998,-0.32,-1,none,90.0,-1,carry_drywall,board_carry,1,80.0,0.0,0,1,0,0.0,-1,AgiBot Genie G2 (official USD)
226,7.5333,board_handling,-2.418243335799019,-1.7016518573311536,1.5903078150065904,-5.0,-4.0,-2.0,-5.0,-3.84,-2.25,-2.3758259286655767,-1.8056308959571883,0.04,-1.7999999999999998,-0.32,-1,none,90.0,-1,carry_drywall,board_carry,1,80.0,0.0,0,1,0,0.0,-1,AgiBot Genie G2 (official USD)
227,7.5667,board_handling,-2.3988274293854963,-1.658505398634436,1.5887976889522053,-5.0,-4.0,-2.0,-5.0,-3.84,-2.25,-2.354252699317218,-1.7499719642384226,0.04,-1.7999999999999998,-0.32,-1,none,90.0,-1,carry_drywall,board_carry,1,80.0,0.0,0,1,0,0.0,-1,AgiBot Genie G2 (official USD)
228,7.6,board_handling,-2.3793293334429193,-1.615176296539821,1.5872811703788938,-5.0,-4.0,-2.0,-5.0,-3.84,-2.25,-2.3325881482699105,-1.694077422536369,0.04,-1.7999999999999998,-0.32,-1,none,90.0,-1,carry_drywall,board_carry,1,80.0,0.0,0,1,0,0.0,-1,AgiBot Genie G2 (official USD)
229,7.6333,board_handling,-2.3597819237829096,-1.5717376084064658,1.5857608162942265,-5.0,-4.0,-2.0,-5.0,-3.84,-2.25,-2.310868804203233,-1.638041514844341,0.04,-1.7999999999999998,-0.32,-1,none,90.0,-1,carry_drywall,board_carry,1,80.0,0.0,0,1,0,0.0,-1,AgiBot Genie G2 (official USD)
230,7.6667,board_handling,-2.3402180762170897,-1.528262391593533,1.5842391837057737,-5.0,-4.0,-2.0,-5.0,-3.84,-2.25,-2.289131195796766,-1.5819584851556574,0.04,-1.7999999999999998,-0.32,-1,none,90.0,-1,carry_drywall,board_carry,1,80.0,0.0,0,1,0,0.0,-1,AgiBot Genie G2 (official USD)
231,7.7,board_handling,-2.3206706665570804,-1.484823703460179,1.5827188296211063,-5.0,-4.0,-2.0,-5.0,-3.84,-2.25,-2.267411851730089,-1.5259225774636307,0.04,-1.7999999999999998,-0.32,-1,none,90.0,-1,carry_drywall,board_carry,1,80.0,0.0,0,1,0,0.0,-1,AgiBot Genie G2 (official USD)
232,7.7333,board_handling,-2.3011725706145034,-1.4414946013655638,1.5812023110477949,-5.0,-4.0,-2.0,-5.0,-3.84,-2.25,-2.2457473006827815,-1.4700280357615771,0.04,-1.7999999999999998,-0.32,-1,none,90.0,-1,carry_drywall,board_carry,1,80.0,0.0,0,1,0,0.0,-1,AgiBot Genie G2 (official USD)
233,7.7667,board_handling,-2.281756664200981,-1.3983481426688464,1.5796921849934098,-5.0,-4.0,-2.0,-5.0,-3.84,-2.25,-2.224174071334423,-1.4143691040428117,0.04,-1.7999999999999998,-0.32,-1,none,90.0,-1,carry_drywall,board_carry,1,80.0,0.0,0,1,0,0.0,-1,AgiBot Genie G2 (official USD)
234,7.8,board_handling,-2.2624558231281333,-1.3554573847291858,1.5781910084655215,-5.0,-4.0,-2.0,-5.0,-3.84,-2.25,-2.202728692364593,-1.3590400263006495,0.04,-1.7999999999999998,-0.32,-1,none,90.0,-1,carry_drywall,board_carry,1,80.0,0.0,0,1,0,0.0,-1,AgiBot Genie G2 (official USD)
235,7.8333,board_handling,-2.243302923207583,-1.312895384905741,1.576701338471701,-5.0,-4.0,-2.0,-5.0,-3.84,-2.25,-2.1814476924528705,-1.3041350465284056,0.04,-1.7999999999999998,-0.32,-1,none,90.0,-1,carry_drywall,board_carry,1,80.0,0.0,0,1,0,0.0,-1,AgiBot Genie G2 (official USD)
236,7.8667,board_handling,-2.224330840250952,-1.2707352005576715,1.5752257320195187,-5.0,-4.0,-2.0,-5.0,-3.84,-2.25,-2.1603676002788355,-1.2497484087193962,0.04,-1.7999999999999998,-0.32,-1,none,90.0,-1,carry_drywall,board_carry,1,80.0,0.0,0,1,0,0.0,-1,AgiBot Genie G2 (official USD)
237,7.9,board_handling,-2.2055724500698606,-1.2290498890441353,1.5737667461165448,-5.0,-4.0,-2.0,-5.0,-3.84,-2.25,-2.1395249445220674,-1.1959743568669343,0.04,-1.7999999999999998,-0.32,-1,none,90.0,-1,carry_drywall,board_carry,1,80.0,0.0,0,1,0,0.0,-1,AgiBot Genie G2 (official USD)
238,7.9333,board_handling,-2.187060628475932,-1.1879125077242936,1.5723269377703504,-5.0,-4.0,-2.0,-5.0,-3.84,-2.25,-2.1189562538621467,-1.1429071349643385,0.04,-1.7999999999999998,-0.32,-1,none,90.0,-1,carry_drywall,board_carry,1,80.0,0.0,0,1,0,0.0,-1,AgiBot Genie G2 (official USD)
239,7.9667,board_handling,-2.168828251280787,-1.147396113957304,1.5709088639885056,-5.0,-4.0,-2.0,-5.0,-3.84,-2.25,-2.0986980569786517,-1.0906409870049218,0.04,-1.7999999999999998,-0.32,-1,none,90.0,-1,carry_drywall,board_carry,1,80.0,0.0,0,1,0,0.0,-1,AgiBot Genie G2 (official USD)
240,8.0,board_handling,-2.1509081942960466,-1.107573765102326,1.5695150817785815,-5.0,-4.0,-2.0,-5.0,-3.84,-2.25,-2.078786882551163,-1.0392701569820004,0.04,-1.7999999999999998,-0.32,-1,none,90.0,-1,carry_drywall,board_carry,1,80.0,0.0,0,1,0,0.0,-1,AgiBot Genie G2 (official USD)
241,8.0333,board_handling,-2.1333333333333333,-1.0685185185185186,1.5681481481481483,-5.0,-4.0,-2.0,-5.0,-3.84,-2.25,-2.0592592592592593,-0.9888888888888889,0.04,-1.7999999999999998,-0.32,-1,none,90.0,-1,carry_drywall,board_carry,1,80.0,0.0,0,1,0,0.0,-1,AgiBot Genie G2 (official USD)
242,8.0667,board_handling,-2.1161365442042683,-1.030303431565041,1.5668106201047765,-5.0,-4.0,-2.0,-5.0,-3.84,-2.25,-2.04015171578252,-0.9395914267189027,0.04,-1.7999999999999998,-0.32,-1,none,90.0,-1,carry_drywall,board_carry,1,80.0,0.0,0,1,0,0.0,-1,AgiBot Genie G2 (official USD)
243,8.1,board_handling,-2.0993507027204736,-0.9930015616010526,1.565505054656037,-5.0,-4.0,-2.0,-5.0,-3.84,-2.25,-2.021500780800526,-0.8914720144653576,0.04,-1.7999999999999998,-0.32,-1,none,90.0,-1,carry_drywall,board_carry,1,80.0,0.0,0,1,0,0.0,-1,AgiBot Genie G2 (official USD)
244,8.1333,board_handling,-2.0830086846935703,-0.9566859659857119,1.5642340088095,-5.0,-4.0,-2.0,-5.0,-3.84,-2.25,-2.003342982992856,-0.8446248961215681,0.04,-1.7999999999999998,-0.32,-1,none,90.0,-1,carry_drywall,board_carry,1,80.0,0.0,0,1,0,0.0,-1,AgiBot Genie G2 (official USD)
245,8.1667,board_handling,-2.06714336593518,-0.9214297020781781,1.5630000395727364,-5.0,-4.0,-2.0,-5.0,-3.84,-2.25,-1.9857148510390887,-0.7991443156808495,0.04,-1.7999999999999998,-0.32,-1,none,90.0,-1,carry_drywall,board_carry,1,80.0,0.0,0,1,0,0.0,-1,AgiBot Genie G2 (official USD)
246,8.2,board_handling,-2.0517876222569247,-0.8873058272376106,1.5618057039533164,-5.0,-4.0,-2.0,-5.0,-3.84,-2.25,-1.9686529136188051,-0.7551245171365175,0.04,-1.7999999999999998,-0.32,-1,none,90.0,-1,carry_drywall,board_carry,1,80.0,0.0,0,1,0,0.0,-1,AgiBot Genie G2 (official USD)
247,8.2333,board_handling,-2.0369743294704254,-0.8543873988231683,1.5606535589588109,-5.0,-4.0,-2.0,-5.0,-3.84,-2.25,-1.952193699411584,-0.7126597444818867,0.04,-1.7999999999999998,-0.32,-1,none,90.0,-1,carry_drywall,board_carry,1,80.0,0.0,0,1,0,0.0,-1,AgiBot Genie G2 (official USD)
248,8.2667,board_handling,-2.022736363387304,-0.8227474741940093,1.5595461615967903,-5.0,-4.0,-2.0,-5.0,-3.84,-2.25,-1.9363737370970044,-0.6718442417102719,0.04,-1.7999999999999998,-0.32,-1,none,90.0,-1,carry_drywall,board_carry,1,80.0,0.0,0,1,0,0.0,-1,AgiBot Genie G2 (official USD)
249,8.3,board_handling,-2.009106599819183,-0.7924591107092951,1.5584860688748254,-5.0,-4.0,-2.0,-5.0,-3.84,-2.25,-1.9212295553546475,-0.6327722528149904,0.04,-1.7999999999999998,-0.32,-1,none,90.0,-1,carry_drywall,board_carry,1,80.0,0.0,0,1,0,0.0,-1,AgiBot Genie G2 (official USD)
250,8.3333,board_handling,-1.9961179145776824,-0.7635953657281835,1.5574758378004865,-5.0,-4.0,-2.0,-5.0,-3.84,-2.25,-1.9067976828640916,-0.5955380217893564,0.04,-1.7999999999999998,-0.32,-1,none,90.0,-1,carry_drywall,board_carry,1,80.0,0.0,0,1,0,0.0,-1,AgiBot Genie G2 (official USD)
251,8.3667,board_handling,-1.983803183474425,-0.7362292966098336,1.5565180253813442,-5.0,-4.0,-2.0,-5.0,-3.84,-2.25,-1.8931146483049166,-0.5602357926266852,0.04,-1.7999999999999998,-0.32,-1,none,90.0,-1,carry_drywall,board_carry,1,80.0,0.0,0,1,0,0.0,-1,AgiBot Genie G2 (official USD)
252,8.4,board_handling,-1.972195282321032,-0.7104339607134047,1.5556151886249692,-5.0,-4.0,-2.0,-5.0,-3.84,-2.25,-1.8802169803567021,-0.5269598093202918,0.04,-1.7999999999999998,-0.32,-1,none,90.0,-1,carry_drywall,board_carry,1,80.0,0.0,0,1,0,0.0,-1,AgiBot Genie G2 (official USD)
253,8.4333,board_handling,-1.961327086929125,-0.6862824153980558,1.554769884538932,-5.0,-4.0,-2.0,-5.0,-3.84,-2.25,-1.8681412076990278,-0.49580431586349194,0.04,-1.7999999999999998,-0.32,-1,none,90.0,-1,carry_drywall,board_carry,1,80.0,0.0,0,1,0,0.0,-1,AgiBot Genie G2 (official USD)
254,8.4667,board_handling,-1.9512314731103255,-0.6638477180229461,1.553984670130803,-5.0,-4.0,-2.0,-5.0,-3.84,-2.25,-1.8569238590114727,-0.4668635562496002,0.04,-1.7999999999999998,-0.32,-1,none,90.0,-1,carry_drywall,board_carry,1,80.0,0.0,0,1,0,0.0,-1,AgiBot Genie G2 (official USD)
255,8.5,board_handling,-1.9419413166762554,-0.6432029259472343,1.5532621024081532,-5.0,-4.0,-2.0,-5.0,-3.84,-2.25,-1.846601462973617,-0.4402317744719322,0.04,-1.7999999999999998,-0.32,-1,none,90.0,-1,carry_drywall,board_carry,1,80.0,0.0,0,1,0,0.0,-1,AgiBot Genie G2 (official USD)
256,8.5333,board_handling,-1.9334894934385358,-0.6244210965300798,1.5526047383785528,-5.0,-4.0,-2.0,-5.0,-3.84,-2.25,-1.8372105482650398,-0.4160032145238026,0.04,-1.7999999999999998,-0.32,-1,none,90.0,-1,carry_drywall,board_carry,1,80.0,0.0,0,1,0,0.0,-1,AgiBot Genie G2 (official USD)
257,8.5667,board_handling,-1.9259088792087886,-0.6075752871306419,1.5520151350495726,-5.0,-4.0,-2.0,-5.0,-3.84,-2.25,-1.8287876435653208,-0.394272120398528,0.04,-1.7999999999999998,-0.32,-1,none,90.0,-1,carry_drywall,board_carry,1,80.0,0.0,0,1,0,0.0,-1,AgiBot Genie G2 (official USD)
258,8.6,board_handling,-1.9192323497986357,-0.5927385551080795,1.551495849428783,-5.0,-4.0,-2.0,-5.0,-3.84,-2.25,-1.8213692775540395,-0.37513273608942255,0.04,-1.7999999999999998,-0.32,-1,none,90.0,-1,carry_drywall,board_carry,1,80.0,0.0,0,1,0,0.0,-1,AgiBot Genie G2 (official USD)
259,8.6333,board_handling,-1.913492781019698,-0.5799839578215513,1.5510494385237543,-5.0,-4.0,-2.0,-5.0,-3.84,-2.25,-1.8149919789107756,-0.358679305589801,0.04,-1.7999999999999998,-0.32,-1,none,90.0,-1,carry_drywall,board_carry,1,80.0,0.0,0,1,0,0.0,-1,AgiBot Genie G2 (official USD)
260,8.6667,board_handling,-1.9087230486835978,-0.5693845526302173,1.5506784593420577,-5.0,-4.0,-2.0,-5.0,-3.84,-2.25,-1.8096922763151084,-0.34500607289298024,0.04,-1.7999999999999998,-0.32,-1,none,90.0,-1,carry_drywall,board_carry,1,80.0,0.0,0,1,0,0.0,-1,AgiBot Genie G2 (official USD)
261,8.7,board_handling,-1.9049560286019562,-0.561013396893236,1.5503854688912633,-5.0,-4.0,-2.0,-5.0,-3.84,-2.25,-1.8055066984466177,-0.3342072819922741,0.04,-1.7999999999999998,-0.32,-1,none,90.0,-1,carry_drywall,board_carry,1,80.0,0.0,0,1,0,0.0,-1,AgiBot Genie G2 (official USD)
262,8.7333,board_handling,-1.9022245965863949,-0.5549435479697664,1.550173024178942,-5.0,-4.0,-2.0,-5.0,-3.84,-2.25,-1.802471773984883,-0.32637717688099865,0.04,-1.7999999999999998,-0.32,-1,none,90.0,-1,carry_drywall,board_carry,1,80.0,0.0,0,1,0,0.0,-1,AgiBot Genie G2 (official USD)
263,8.7667,board_handling,-1.9005616284485356,-0.5512480632189682,1.550043682212664,-5.0,-4.0,-2.0,-5.0,-3.84,-2.25,-1.800624031609484,-0.321610001552469,0.04,-1.7999999999999998,-0.32,-1,none,90.0,-1,carry_drywall,board_carry,1,80.0,0.0,0,1,0,0.0,-1,AgiBot Genie G2 (official USD)
264,8.8,board_handling,-1.9,-0.55,1.55,-5.0,-4.0,-2.0,-5.0,-3.84,-2.25,-1.7999999999999998,-0.32,0.04,-1.7999999999999998,-0.32,-1,none,90.0,-1,place_drywall,board_place,1,80.0,0.0,0,1,0,0.0,-1,AgiBot Genie G2 (official USD)
265,8.8333,board_handling,-1.8959104938271605,-0.5481142832647463,1.54977280521262,-5.0,-4.0,-2.0,-5.0,-3.84,-2.25,-1.7999999999999998,-0.32,0.04,-1.7999999999999998,-0.32,-1,none,90.0,-1,place_drywall,board_place,1,80.0,0.0,0,1,0,0.0,-1,AgiBot Genie G2 (official USD)
266,8.8667,board_handling,-1.8839506172839506,-0.5425994513031551,1.5491083676268862,-5.0,-4.0,-2.0,-5.0,-3.84,-2.25,-1.7999999999999998,-0.32,0.04,-1.7999999999999998,-0.32,-1,none,90.0,-1,place_drywall,board_place,1,80.0,0.0,0,1,0,0.0,-1,AgiBot Genie G2 (official USD)
267,8.9,board_handling,-1.8645833333333335,-0.5336689814814817,1.5480324074074074,-5.0,-4.0,-2.0,-5.0,-3.84,-2.25,-1.7999999999999998,-0.32,0.04,-1.7999999999999998,-0.32,-1,none,90.0,-1,place_drywall,board_place,1,80.0,0.0,0,1,0,0.0,-1,AgiBot Genie G2 (official USD)
268,8.9333,board_handling,-1.838271604938272,-0.5215363511659811,1.546570644718793,-5.0,-4.0,-2.0,-5.0,-3.84,-2.25,-1.7999999999999998,-0.32,0.04,-1.7999999999999998,-0.32,-1,none,90.0,-1,place_drywall,board_place,1,80.0,0.0,0,1,0,0.0,-1,AgiBot Genie G2 (official USD)
269,8.9667,board_handling,-1.805478395061729,-0.5064150377229084,1.5447487997256517,-5.0,-4.0,-2.0,-5.0,-3.84,-2.25,-1.7999999999999998,-0.32,0.04,-1.7999999999999998,-0.32,-1,none,90.0,-1,place_drywall,board_place,1,80.0,0.0,0,1,0,0.0,-1,AgiBot Genie G2 (official USD)
270,9.0,board_handling,-1.7666666666666675,-0.48851851851851896,1.5425925925925927,-5.0,-4.0,-2.0,-5.0,-3.84,-2.25,-1.7999999999999998,-0.32,0.04,-1.7999999999999998,-0.32,-1,none,90.0,-1,place_drywall,board_place,1,80.0,0.0,0,1,0,0.0,-1,AgiBot Genie G2 (official USD)
271,9.0333,board_handling,-1.7222993827160504,-0.46806027091906777,1.540127743484225,-5.0,-4.0,-2.0,-5.0,-3.84,-2.25,-1.7999999999999998,-0.32,0.04,-1.7999999999999998,-0.32,-1,none,90.0,-1,place_drywall,board_place,1,80.0,0.0,0,1,0,0.0,-1,AgiBot Genie G2 (official USD)
272,9.0667,board_handling,-1.672839506172841,-0.44525377229081003,1.5373799725651578,-5.0,-4.0,-2.0,-5.0,-3.84,-2.25,-1.7999999999999998,-0.32,0.04,-1.7999999999999998,-0.32,-1,none,90.0,-1,place_drywall,board_place,1,80.0,0.0,0,1,0,0.0,-1,AgiBot Genie G2 (official USD)
273,9.1,board_handling,-1.6187500000000017,-0.42031250000000087,1.534375,-5.0,-4.0,-2.0,-5.0,-3.84,-2.25,-1.7999999999999998,-0.32,0.04,-1.7999999999999998,-0.32,-1,none,90.0,-1,place_drywall,board_place,1,80.0,0.0,0,1,0,0.0,-1,AgiBot Genie G2 (official USD)
274,9.1333,board_handling,-1.5604938271604958,-0.3934499314128954,1.5311385459533609,-5.0,-4.0,-2.0,-5.0,-3.84,-2.25,-1.7999999999999998,-0.32,0.04,-1.7999999999999998,-0.32,-1,none,90.0,-1,place_drywall,board_place,1,80.0,0.0,0,1,0,0.0,-1,AgiBot Genie G2 (official USD)
275,9.1667,board_handling,-1.4985339506172863,-0.3648795438957488,1.5276963305898492,-5.0,-4.0,-2.0,-5.0,-3.84,-2.25,-1.7999999999999998,-0.32,0.04,-1.7999999999999998,-0.32,-1,none,90.0,-1,place_drywall,board_place,1,80.0,0.0,0,1,0,0.0,-1,AgiBot Genie G2 (official USD)
276,9.2,board_handling,-1.4333333333333362,-0.3348148148148161,1.5240740740740744,-5.0,-4.0,-2.0,-5.0,-3.84,-2.25,-1.7999999999999998,-0.32,0.04,-1.7999999999999998,-0.32,-1,none,90.0,-1,place_drywall,board_place,1,80.0,0.0,0,1,0,0.0,-1,AgiBot Genie G2 (official USD)
277,9.2333,board_handling,-1.3653549382716081,-0.3034692215363527,1.5202974965706448,-5.0,-4.0,-2.0,-5.0,-3.84,-2.25,-1.7999999999999998,-0.32,0.04,-1.7999999999999998,-0.32,-1,none,90.0,-1,place_drywall,board_place,1,80.0,0.0,0,1,0,0.0,-1,AgiBot Genie G2 (official USD)
278,9.2667,board_handling,-1.2950617283950614,-0.27105624142661167,1.51639231824417,-5.0,-4.0,-2.0,-5.0,-3.84,-2.25,-1.7999999999999998,-0.32,0.04,-1.7999999999999998,-0.32,-1,none,90.0,-1,place_drywall,board_place,1,80.0,0.0,0,1,0,0.0,-1,AgiBot Genie G2 (official USD)
279,9.3,board_handling,-1.2229166666666664,-0.23778935185185185,1.5123842592592593,-5.0,-4.0,-2.0,-5.0,-3.84,-2.25,-1.7999999999999998,-0.32,0.04,-1.7999999999999998,-0.32,-1,none,90.0,-1,place_drywall,board_place,1,80.0,0.0,0,1,0,0.0,-1,AgiBot Genie G2 (official USD)
280,9.3333,board_handling,-1.149382716049383,-0.20388203017832657,1.5082990397805214,-5.0,-4.0,-2.0,-5.0,-3.84,-2.25,-1.7999999999999998,-0.32,0.04,-1.7999999999999998,-0.32,-1,none,90.0,-1,place_drywall,board_place,1,80.0,0.0,0,1,0,0.0,-1,AgiBot Genie G2 (official USD)
281,9.3667,board_handling,-1.0749228395061734,-0.1695477537722911,1.5041623799725652,-5.0,-4.0,-2.0,-5.0,-3.84,-2.25,-1.7999999999999998,-0.32,0.04,-1.7999999999999998,-0.32,-1,none,90.0,-1,place_drywall,board_place,1,80.0,0.0,0,1,0,0.0,-1,AgiBot Genie G2 (official USD)
282,9.4,board_handling,-1.0000000000000009,-0.1350000000000004,1.5,-5.0,-4.0,-2.0,-5.0,-3.84,-2.25,-1.7999999999999998,-0.32,0.04,-1.7999999999999998,-0.32,-1,none,90.0,-1,place_drywall,board_place,1,80.0,0.0,0,1,0,0.0,-1,AgiBot Genie G2 (official USD)
283,9.4333,board_handling,-0.925077160493828,-0.1004522462277096,1.4958376200274348,-5.0,-4.0,-2.0,-5.0,-3.84,-2.25,-1.7999999999999998,-0.32,0.04,-1.7999999999999998,-0.32,-1,none,90.0,-1,place_drywall,board_place,1,80.0,0.0,0,1,0,0.0,-1,AgiBot Genie G2 (official USD)
284,9.4667,board_handling,-0.8506172839506183,-0.06611796982167406,1.4917009602194788,-5.0,-4.0,-2.0,-5.0,-3.84,-2.25,-1.7999999999999998,-0.32,0.04,-1.7999999999999998,-0.32,-1,none,90.0,-1,place_drywall,board_place,1,80.0,0.0,0,1,0,0.0,-1,AgiBot Genie G2 (official USD)
285,9.5,board_handling,-0.7770833333333347,-0.03221064814814878,1.4876157407407409,-5.0,-4.0,-2.0,-5.0,-3.84,-2.25,-1.7999999999999998,-0.32,0.04,-1.7999999999999998,-0.32,-1,none,90.0,-1,place_drywall,board_place,1,80.0,0.0,0,1,0,0.0,-1,AgiBot Genie G2 (official USD)
286,9.5333,board_handling,-0.7049382716049397,0.001056241426611093,1.48360768175583,-5.0,-4.0,-2.0,-5.0,-3.84,-2.25,-1.7999999999999998,-0.32,0.04,-1.7999999999999998,-0.32,-1,none,90.0,-1,place_drywall,board_place,1,80.0,0.0,0,1,0,0.0,-1,AgiBot Genie G2 (official USD)
287,9.5667,board_handling,-0.6346450617283967,0.033469221536350346,1.4797025034293554,-5.0,-4.0,-2.0,-5.0,-3.84,-2.25,-1.7999999999999998,-0.32,0.04,-1.7999999999999998,-0.32,-1,none,90.0,-1,place_drywall,board_place,1,80.0,0.0,0,1,0,0.0,-1,AgiBot Genie G2 (official USD)
288,9.6,board_handling,-0.5666666666666687,0.06481481481481399,1.475925925925926,-5.0,-4.0,-2.0,-5.0,-3.84,-2.25,-1.7999999999999998,-0.32,0.04,-1.7999999999999998,-0.32,-1,none,90.0,-1,place_drywall,board_place,1,80.0,0.0,0,1,0,0.0,-1,AgiBot Genie G2 (official USD)
289,9.6333,board_handling,-0.5014660493827181,0.09487954389574671,1.472303669410151,-5.0,-4.0,-2.0,-5.0,-3.84,-2.25,-1.7999999999999998,-0.32,0.04,-1.7999999999999998,-0.32,-1,none,90.0,-1,place_drywall,board_place,1,80.0,0.0,0,1,0,0.0,-1,AgiBot Genie G2 (official USD)
290,9.6667,board_handling,-0.4395061728395082,0.1234499314128934,1.4688614540466394,-5.0,-4.0,-2.0,-5.0,-3.84,-2.25,-1.7999999999999998,-0.32,0.04,-1.7999999999999998,-0.32,-1,none,90.0,-1,place_drywall,board_place,1,80.0,0.0,0,1,0,0.0,-1,AgiBot Genie G2 (official USD)
291,9.7,board_handling,-0.3812500000000023,0.15031249999999896,1.4656250000000002,-5.0,-4.0,-2.0,-5.0,-3.84,-2.25,-1.7999999999999998,-0.32,0.04,-1.7999999999999998,-0.32,-1,none,90.0,-1,place_drywall,board_place,1,80.0,0.0,0,1,0,0.0,-1,AgiBot Genie G2 (official USD)
292,9.7333,board_handling,-0.32716049382716283,0.1752537722908083,1.4626200274348424,-5.0,-4.0,-2.0,-5.0,-3.84,-2.25,-1.7999999999999998,-0.32,0.04,-1.7999999999999998,-0.32,-1,none,90.0,-1,place_drywall,board_place,1,80.0,0.0,0,1,0,0.0,-1,AgiBot Genie G2 (official USD)
293,9.7667,board_handling,-0.27770061728395024,0.19806027091906742,1.459872256515775,-5.0,-4.0,-2.0,-5.0,-3.84,-2.25,-1.7999999999999998,-0.32,0.04,-1.7999999999999998,-0.32,-1,none,90.0,-1,place_drywall,board_place,1,80.0,0.0,0,1,0,0.0,-1,AgiBot Genie G2 (official USD)
294,9.8,board_handling,-0.23333333333333317,0.21851851851851867,1.4574074074074073,-5.0,-4.0,-2.0,-5.0,-3.84,-2.25,-1.7999999999999998,-0.32,0.04,-1.7999999999999998,-0.32,-1,none,90.0,-1,place_drywall,board_place,1,80.0,0.0,0,1,0,0.0,-1,AgiBot Genie G2 (official USD)
295,9.8333,board_handling,-0.19452160493827164,0.23641503772290817,1.4552512002743483,-5.0,-4.0,-2.0,-5.0,-3.84,-2.25,-1.7999999999999998,-0.32,0.04,-1.7999999999999998,-0.32,-1,none,90.0,-1,place_drywall,board_place,1,80.0,0.0,0,1,0,0.0,-1,AgiBot Genie G2 (official USD)
296,9.8667,board_handling,-0.16172839506172854,0.25153635116598083,1.453429355281207,-5.0,-4.0,-2.0,-5.0,-3.84,-2.25,-1.7999999999999998,-0.32,0.04,-1.7999999999999998,-0.32,-1,none,90.0,-1,place_drywall,board_place,1,80.0,0.0,0,1,0,0.0,-1,AgiBot Genie G2 (official USD)
297,9.9,board_handling,-0.13541666666666696,0.26366898148148143,1.4519675925925926,-5.0,-4.0,-2.0,-5.0,-3.84,-2.25,-1.7999999999999998,-0.32,0.04,-1.7999999999999998,-0.32,-1,none,90.0,-1,place_drywall,board_place,1,80.0,0.0,0,1,0,0.0,-1,AgiBot Genie G2 (official USD)
298,9.9333,board_handling,-0.11604938271604981,0.2725994513031549,1.4508916323731138,-5.0,-4.0,-2.0,-5.0,-3.84,-2.25,-1.7999999999999998,-0.32,0.04,-1.7999999999999998,-0.32,-1,none,90.0,-1,place_drywall,board_place,1,80.0,0.0,0,1,0,0.0,-1,AgiBot Genie G2 (official USD)
299,9.9667,board_handling,-0.10408950617283974,0.2781142832647462,1.45022719478738,-5.0,-4.0,-2.0,-5.0,-3.84,-2.25,-1.7999999999999998,-0.32,0.04,-1.7999999999999998,-0.32,-1,none,90.0,-1,place_drywall,board_place,1,80.0,0.0,0,1,0,0.0,-1,AgiBot Genie G2 (official USD)
300,10.0,nailing,-0.1,0.28,1.45,-5.0,-4.0,-2.0,-5.0,-3.84,-2.25,-1.7999999999999998,-0.32,0.04,-1.7999999999999998,-0.32,-1,none,90.0,-1,align_and_grasp_tool,ready,0,0.0,0.0,0,0,1,0.0,-1,AgiBot Genie G2 (official USD)
301,10.0333,nailing,-0.1,0.28,1.45,-5.0,-4.0,-2.0,-5.0,-3.84,-2.25,-1.7999999999999998,-0.32,0.04,-1.7999999999999998,-0.32,-1,none,90.0,-1,align_and_grasp_tool,ready,0,0.0,0.0,0,0,1,0.0,-1,AgiBot Genie G2 (official USD)
302,10.0667,nailing,-0.1,0.28,1.45,-5.0,-4.0,-2.0,-5.0,-3.84,-2.25,-1.7999999999999998,-0.32,0.04,-1.7999999999999998,-0.32,-1,none,90.0,-1,align_and_grasp_tool,ready,0,0.0,0.0,0,0,1,0.0,-1,AgiBot Genie G2 (official USD)
303,10.1,nailing,-0.1,0.28,1.45,-5.0,-4.0,-2.0,-5.0,-3.84,-2.25,-1.7999999999999998,-0.32,0.04,-1.7999999999999998,-0.32,-1,none,90.0,-1,align_and_grasp_tool,ready,0,0.0,0.0,0,0,1,0.0,-1,AgiBot Genie G2 (official USD)
304,10.1333,nailing,-0.1,0.28,1.45,-5.0,-4.0,-2.0,-5.0,-3.84,-2.25,-1.7999999999999998,-0.32,0.04,-1.7999999999999998,-0.32,-1,none,90.0,-1,align_and_grasp_tool,ready,0,0.0,0.0,0,0,1,0.0,-1,AgiBot Genie G2 (official USD)
305,10.1667,nailing,-0.1,0.28,1.45,-5.0,-4.0,-2.0,-5.0,-3.84,-2.25,-1.7999999999999998,-0.32,0.04,-1.7999999999999998,-0.32,-1,none,90.0,-1,align_and_grasp_tool,ready,0,0.0,0.0,0,0,1,0.0,-1,AgiBot Genie G2 (official USD)
306,10.2,nailing,-0.1,0.28,1.45,-5.0,-4.0,-2.0,-5.0,-3.84,-2.25,-1.7999999999999998,-0.32,0.04,-1.7999999999999998,-0.32,-1,none,90.0,-1,align_and_grasp_tool,ready,0,0.0,0.0,0,0,1,0.0,-1,AgiBot Genie G2 (official USD)
307,10.2333,nailing,-0.1,0.28,1.45,-5.0,-4.0,-2.0,-5.0,-3.84,-2.25,-1.7999999999999998,-0.32,0.04,-1.7999999999999998,-0.32,-1,none,90.0,-1,align_and_grasp_tool,ready,0,0.0,0.0,0,0,1,0.0,-1,AgiBot Genie G2 (official USD)
308,10.2667,nailing,-0.1,0.28,1.45,-5.0,-4.0,-2.0,-5.0,-3.84,-2.25,-1.7999999999999998,-0.32,0.04,-1.7999999999999998,-0.32,-1,none,90.0,-1,align_and_grasp_tool,ready,0,0.0,0.0,0,0,1,0.0,-1,AgiBot Genie G2 (official USD)
309,10.3,nailing,-0.1,0.28,1.45,-5.0,-4.0,-2.0,-5.0,-3.84,-2.25,-1.7999999999999998,-0.32,0.04,-1.7999999999999998,-0.32,-1,none,90.0,-1,align_and_grasp_tool,ready,0,0.0,0.0,0,0,1,0.0,-1,AgiBot Genie G2 (official USD)
310,10.3333,nailing,-0.1,0.28,1.45,-5.0,-4.0,-2.0,-5.0,-3.84,-2.25,-1.7999999999999998,-0.32,0.04,-1.7999999999999998,-0.32,-1,none,90.0,-1,align_and_grasp_tool,ready,0,0.0,0.0,0,0,1,0.0,-1,AgiBot Genie G2 (official USD)
311,10.3667,nailing,-0.1,0.28,1.45,-5.0,-4.0,-2.0,-5.0,-3.84,-2.25,-1.7999999999999998,-0.32,0.04,-1.7999999999999998,-0.32,-1,none,90.0,-1,align_and_grasp_tool,ready,0,0.0,0.0,0,0,1,0.0,-1,AgiBot Genie G2 (official USD)
312,10.4,nailing,-0.1,0.28,1.45,-5.0,-4.0,-2.0,-5.0,-3.84,-2.25,-1.7999999999999998,-0.32,0.04,-1.7999999999999998,-0.32,-1,none,90.0,-1,align_and_grasp_tool,ready,0,0.0,0.0,0,0,1,0.0,-1,AgiBot Genie G2 (official USD)
313,10.4333,nailing,-0.1,0.28,1.45,-5.0,-4.0,-2.0,-5.0,-3.84,-2.25,-1.7999999999999998,-0.32,0.04,-1.7999999999999998,-0.32,-1,none,90.0,-1,align_and_grasp_tool,ready,0,0.0,0.0,0,0,1,0.0,-1,AgiBot Genie G2 (official USD)
314,10.4667,nailing,-0.1,0.28,1.45,-5.0,-4.0,-2.0,-5.0,-3.84,-2.25,-1.7999999999999998,-0.32,0.04,-1.7999999999999998,-0.32,-1,none,90.0,-1,align_and_grasp_tool,ready,0,0.0,0.0,0,0,1,0.0,-1,AgiBot Genie G2 (official USD)
315,10.5,nailing,-0.1,0.28,1.45,-5.0,-4.0,-2.0,-5.0,-3.84,-2.25,-1.7999999999999998,-0.32,0.04,-1.7999999999999998,-0.32,-1,none,90.0,-1,align_and_grasp_tool,ready,0,0.0,0.0,0,0,1,0.0,-1,AgiBot Genie G2 (official USD)
316,10.5333,nailing,-0.1,0.28,1.45,-5.0,-4.0,-2.0,-5.0,-3.84,-2.25,-1.7999999999999998,-0.32,0.04,-1.7999999999999998,-0.32,-1,none,90.0,-1,align_and_grasp_tool,ready,0,0.0,0.0,0,0,1,0.0,-1,AgiBot Genie G2 (official USD)
317,10.5667,nailing,-0.1,0.28,1.45,-5.0,-4.0,-2.0,-5.0,-3.84,-2.25,-1.7999999999999998,-0.32,0.04,-1.7999999999999998,-0.32,-1,none,90.0,-1,align_and_grasp_tool,ready,0,0.0,0.0,0,0,1,0.0,-1,AgiBot Genie G2 (official USD)
318,10.6,nailing,-0.1,0.28,1.45,-5.0,-4.0,-2.0,-5.0,-3.84,-2.25,-1.7999999999999998,-0.32,0.04,-1.7999999999999998,-0.32,-1,none,90.0,-1,align_and_grasp_tool,ready,0,0.0,0.0,0,0,1,0.0,-1,AgiBot Genie G2 (official USD)
319,10.6333,nailing,-0.1,0.28,1.45,-5.0,-4.0,-2.0,-5.0,-3.84,-2.25,-1.7999999999999998,-0.32,0.04,-1.7999999999999998,-0.32,-1,none,90.0,-1,align_and_grasp_tool,ready,0,0.0,0.0,0,0,1,0.0,-1,AgiBot Genie G2 (official USD)
320,10.6667,nailing,-0.1,0.28,1.45,-5.0,-4.0,-2.0,-5.0,-3.84,-2.25,-1.7999999999999998,-0.32,0.04,-1.7999999999999998,-0.32,-1,none,90.0,-1,align_and_grasp_tool,ready,0,0.0,0.0,0,0,1,0.0,-1,AgiBot Genie G2 (official USD)
321,10.7,nailing,-0.1,0.28,1.45,-5.0,-4.0,-2.0,-5.0,-3.84,-2.25,-1.7999999999999998,-0.32,0.04,-1.7999999999999998,-0.32,-1,none,90.0,-1,align_and_grasp_tool,ready,0,0.0,0.0,0,0,1,0.0,-1,AgiBot Genie G2 (official USD)
322,10.7333,nailing,-0.1,0.28,1.45,-5.0,-4.0,-2.0,-5.0,-3.84,-2.25,-1.7999999999999998,-0.32,0.04,-1.7999999999999998,-0.32,-1,none,90.0,-1,align_and_grasp_tool,ready,0,0.0,0.0,0,0,1,0.0,-1,AgiBot Genie G2 (official USD)
323,10.7667,nailing,-0.1,0.28,1.45,-5.0,-4.0,-2.0,-5.0,-3.84,-2.25,-1.7999999999999998,-0.32,0.04,-1.7999999999999998,-0.32,-1,none,90.0,-1,align_and_grasp_tool,ready,0,0.0,0.0,0,0,1,0.0,-1,AgiBot Genie G2 (official USD)
324,10.8,nailing,-0.1,0.28,1.45,-5.0,-4.0,-2.0,-5.0,-3.84,-2.25,-1.7999999999999998,-0.32,0.04,-1.7999999999999998,-0.32,-1,none,90.0,-1,align_and_grasp_tool,ready,0,0.0,0.0,0,0,1,0.0,-1,AgiBot Genie G2 (official USD)
325,10.8333,nailing,-0.1,0.28,1.45,-5.0,-4.0,-2.0,-5.0,-3.84,-2.25,-1.7999999999999998,-0.32,0.04,-1.7999999999999998,-0.32,-1,none,90.0,-1,align_and_grasp_tool,ready,0,0.0,0.0,0,0,1,0.0,-1,AgiBot Genie G2 (official USD)
326,10.8667,nailing,-0.1,0.28,1.45,-5.0,-4.0,-2.0,-5.0,-3.84,-2.25,-1.7999999999999998,-0.32,0.04,-1.7999999999999998,-0.32,-1,none,90.0,-1,align_and_grasp_tool,ready,0,0.0,0.0,0,0,1,0.0,-1,AgiBot Genie G2 (official USD)
327,10.9,nailing,-0.1,0.28,1.45,-5.0,-4.0,-2.0,-5.0,-3.84,-2.25,-1.7999999999999998,-0.32,0.04,-1.7999999999999998,-0.32,-1,none,90.0,-1,align_and_grasp_tool,ready,0,0.0,0.0,0,0,1,0.0,-1,AgiBot Genie G2 (official USD)
328,10.9333,nailing,-0.1,0.28,1.45,-5.0,-4.0,-2.0,-5.0,-3.84,-2.25,-1.7999999999999998,-0.32,0.04,-1.7999999999999998,-0.32,-1,none,90.0,-1,align_and_grasp_tool,ready,0,0.0,0.0,0,0,1,0.0,-1,AgiBot Genie G2 (official USD)
329,10.9667,nailing,-0.1,0.28,1.45,-5.0,-4.0,-2.0,-5.0,-3.84,-2.25,-1.7999999999999998,-0.32,0.04,-1.7999999999999998,-0.32,-1,none,90.0,-1,align_and_grasp_tool,ready,0,0.0,0.0,0,0,1,0.0,-1,AgiBot Genie G2 (official USD)
330,11.0,nailing,-0.1,0.28,1.45,-5.0,-4.0,-2.0,-5.0,-3.84,-2.25,-1.7999999999999998,-0.32,0.04,-1.7999999999999998,-0.32,-1,none,90.0,-1,align_and_grasp_tool,ready,0,0.0,0.0,0,0,1,0.0,-1,AgiBot Genie G2 (official USD)
331,11.0333,nailing,-0.1,0.28,1.45,-5.0,-4.0,-2.0,-5.0,-3.84,-2.25,-1.7999999999999998,-0.32,0.04,-1.7999999999999998,-0.32,-1,none,90.0,-1,align_and_grasp_tool,ready,0,0.0,0.0,0,0,1,0.0,-1,AgiBot Genie G2 (official USD)
332,11.0667,nailing,-0.1,0.28,1.45,-5.0,-4.0,-2.0,-5.0,-3.84,-2.25,-1.7999999999999998,-0.32,0.04,-1.7999999999999998,-0.32,-1,none,90.0,-1,align_and_grasp_tool,ready,0,0.0,0.0,0,0,1,0.0,-1,AgiBot Genie G2 (official USD)
333,11.1,nailing,-0.1,0.28,1.45,-5.0,-4.0,-2.0,-5.0,-3.84,-2.25,-1.7999999999999998,-0.32,0.04,-1.7999999999999998,-0.32,-1,none,90.0,-1,align_and_grasp_tool,ready,0,0.0,0.0,0,0,1,0.0,-1,AgiBot Genie G2 (official USD)
334,11.1333,nailing,-0.1,0.28,1.45,-5.0,-4.0,-2.0,-5.0,-3.84,-2.25,-1.7999999999999998,-0.32,0.04,-1.7999999999999998,-0.32,-1,none,90.0,-1,align_and_grasp_tool,ready,0,0.0,0.0,0,0,1,0.0,-1,AgiBot Genie G2 (official USD)
335,11.1667,nailing,-0.1,0.28,1.45,-5.0,-4.0,-2.0,-5.0,-3.84,-2.25,-1.7999999999999998,-0.32,0.04,-1.7999999999999998,-0.32,-1,none,90.0,-1,align_and_grasp_tool,ready,0,0.0,0.0,0,0,1,0.0,-1,AgiBot Genie G2 (official USD)
336,11.2,nailing,-0.1,0.28,1.45,-5.0,-4.0,-2.0,-5.0,-3.84,-2.25,-1.7999999999999998,-0.32,0.04,-1.7999999999999998,-0.32,-1,none,90.0,-1,align_and_grasp_tool,ready,0,0.0,0.0,0,0,1,0.0,-1,AgiBot Genie G2 (official USD)
337,11.2333,nailing,-0.1,0.28,1.45,-5.0,-4.0,-2.0,-5.0,-3.84,-2.25,-1.7999999999999998,-0.32,0.04,-1.7999999999999998,-0.32,-1,none,90.0,-1,align_and_grasp_tool,ready,0,0.0,0.0,0,0,1,0.0,-1,AgiBot Genie G2 (official USD)
338,11.2667,nailing,-0.1,0.28,1.45,-5.0,-4.0,-2.0,-5.0,-3.84,-2.25,-1.7999999999999998,-0.32,0.04,-1.7999999999999998,-0.32,-1,none,90.0,-1,align_and_grasp_tool,ready,0,0.0,0.0,0,0,1,0.0,-1,AgiBot Genie G2 (official USD)
339,11.3,nailing,-0.1,0.28,1.45,-5.0,-4.0,-2.0,-5.0,-3.84,-2.25,-1.7999999999999998,-0.32,0.04,-1.7999999999999998,-0.32,-1,none,90.0,-1,align_and_grasp_tool,ready,0,0.0,0.0,0,0,1,0.0,-1,AgiBot Genie G2 (official USD)
340,11.3333,nailing,-0.1,0.28,1.45,-5.0,-4.0,-2.0,-5.0,-3.84,-2.25,-1.7999999999999998,-0.32,0.04,-1.7999999999999998,-0.32,-1,none,90.0,-1,align_and_grasp_tool,ready,0,0.0,0.0,0,0,1,0.0,-1,AgiBot Genie G2 (official USD)
341,11.3667,nailing,-0.1,0.28,1.45,-5.0,-4.0,-2.0,-5.0,-3.84,-2.25,-1.7999999999999998,-0.32,0.04,-1.7999999999999998,-0.32,-1,none,90.0,-1,align_and_grasp_tool,ready,0,0.0,0.0,0,0,1,0.0,-1,AgiBot Genie G2 (official USD)
342,11.4,nailing,-0.1,0.28,1.45,-5.0,-4.0,-2.0,-5.0,-3.84,-2.25,-1.7999999999999998,-0.32,0.04,-1.7999999999999998,-0.32,-1,none,90.0,-1,align_and_grasp_tool,ready,0,0.0,0.0,0,0,1,0.0,-1,AgiBot Genie G2 (official USD)
343,11.4333,nailing,-0.1,0.28,1.45,-5.0,-4.0,-2.0,-5.0,-3.84,-2.25,-1.7999999999999998,-0.32,0.04,-1.7999999999999998,-0.32,-1,none,90.0,-1,align_and_grasp_tool,ready,0,0.0,0.0,0,0,1,0.0,-1,AgiBot Genie G2 (official USD)
344,11.4667,nailing,-0.1,0.28,1.45,-5.0,-4.0,-2.0,-5.0,-3.84,-2.25,-1.7999999999999998,-0.32,0.04,-1.7999999999999998,-0.32,-1,none,90.0,-1,align_and_grasp_tool,ready,0,0.0,0.0,0,0,1,0.0,-1,AgiBot Genie G2 (official USD)
345,11.5,nailing,-0.1,0.28,1.45,-1.1999999999999997,-0.62,1.59,-1.1999999999999997,-0.45999999999999996,1.34,-1.7999999999999998,-0.32,0.04,-1.7999999999999998,-0.32,0,lower,90.0,0,walk_to_fastener,ready,0,0.0,0.0,0,0,1,0.0,0,AgiBot Genie G2 (official USD)
346,11.5333,nailing,-0.1,0.28,1.45,-1.1999999999999997,-0.62,1.59,-1.1999999999999997,-0.45999999999999996,1.34,-1.7999999999999998,-0.32,0.04,-1.7999999999999998,-0.32,0,lower,90.0,0,walk_to_fastener,ready,0,0.0,0.0,0,0,1,0.0333,1,AgiBot Genie G2 (official USD)
347,11.5667,nailing,-0.1,0.28,1.45,-1.1999999999999997,-0.62,1.59,-1.1999999999999997,-0.45999999999999996,1.34,-1.7999999999999998,-0.32,0.04,-1.7999999999999998,-0.32,0,lower,90.0,0,walk_to_fastener,ready,0,0.0,0.0,0,0,1,0.0667,2,AgiBot Genie G2 (official USD)
348,11.6,nailing,-0.1,0.28,1.45,-1.1999999999999997,-0.62,1.59,-1.1999999999999997,-0.45999999999999996,1.34,-1.7999999999999998,-0.32,0.04,-1.7999999999999998,-0.32,0,lower,90.0,0,walk_to_fastener,ready,0,0.0,0.0,0,0,1,0.1,3,AgiBot Genie G2 (official USD)
349,11.6333,nailing,-0.1,0.28,1.45,-1.1999999999999997,-0.62,1.59,-1.1999999999999997,-0.45999999999999996,1.34,-1.7999999999999998,-0.32,0.04,-1.7999999999999998,-0.32,0,lower,90.0,0,walk_to_fastener,ready,0,0.0,0.0,0,0,1,0.1333,4,AgiBot Genie G2 (official USD)
350,11.6667,nailing,-0.1,0.28,1.45,-1.1999999999999997,-0.62,1.59,-1.1999999999999997,-0.45999999999999996,1.34,-1.7999999999999998,-0.32,0.04,-1.7999999999999998,-0.32,0,lower,90.0,0,walk_to_fastener,ready,0,0.0,0.0,0,0,1,0.1667,5,AgiBot Genie G2 (official USD)
351,11.7,nailing,-0.1,0.28,1.45,-1.1999999999999997,-0.62,1.59,-1.1999999999999997,-0.45999999999999996,1.34,-1.7999999999999998,-0.32,0.04,-1.7999999999999998,-0.32,0,lower,90.0,0,walk_to_fastener,ready,0,0.0,0.0,0,0,1,0.2,6,AgiBot Genie G2 (official USD)
352,11.7333,nailing,-0.1,0.28,1.45,-1.1999999999999997,-0.62,1.59,-1.1999999999999997,-0.45999999999999996,1.34,-1.7999999999999998,-0.32,0.04,-1.7999999999999998,-0.32,0,lower,90.0,0,walk_to_fastener,ready,0,0.0,0.0,0,0,1,0.2333,7,AgiBot Genie G2 (official USD)
353,11.7667,nailing,-0.1,0.28,1.45,-1.1999999999999997,-0.62,1.59,-1.1999999999999997,-0.45999999999999996,1.34,-1.7999999999999998,-0.32,0.04,-1.7999999999999998,-0.32,0,lower,90.0,0,walk_to_fastener,ready,0,0.0,0.0,0,0,1,0.2667,8,AgiBot Genie G2 (official USD)
354,11.8,nailing,-0.1,0.28,1.45,-1.1999999999999997,-0.62,1.59,-1.1999999999999997,-0.45999999999999996,1.34,-1.7999999999999998,-0.32,0.04,-1.7999999999999998,-0.32,0,lower,90.0,0,walk_to_fastener,ready,0,0.0,0.0,0,0,1,0.3,9,AgiBot Genie G2 (official USD)
355,11.8333,nailing,-0.1,0.28,1.45,-1.1999999999999997,-0.62,1.59,-1.1999999999999997,-0.45999999999999996,1.34,-1.7999999999999998,-0.32,0.04,-1.7999999999999998,-0.32,0,lower,90.0,0,walk_to_fastener,ready,0,0.0,0.0,0,0,1,0.3333,10,AgiBot Genie G2 (official USD)
356,11.8667,nailing,-0.1,0.28,1.45,-1.1999999999999997,-0.62,1.59,-1.1999999999999997,-0.45999999999999996,1.34,-1.7999999999999998,-0.32,0.04,-1.7999999999999998,-0.32,0,lower,90.0,0,walk_to_fastener,ready,0,0.0,0.0,0,0,1,0.3667,11,AgiBot Genie G2 (official USD)
357,11.9,nailing,-0.1,0.28,1.45,-1.1999999999999997,-0.62,1.59,-1.1999999999999997,-0.45999999999999996,1.34,-1.7999999999999998,-0.32,0.04,-1.7999999999999998,-0.32,0,lower,90.0,0,walk_to_fastener,ready,0,0.0,0.0,0,0,1,0.4,12,AgiBot Genie G2 (official USD)
358,11.9333,nailing,-0.1,0.28,1.45,-1.1999999999999997,-0.62,1.59,-1.1999999999999997,-0.45999999999999996,1.34,-1.7999999999999998,-0.32,0.04,-1.7999999999999998,-0.32,0,lower,90.0,0,walk_to_fastener,ready,0,0.0,0.0,0,0,1,0.4333,13,AgiBot Genie G2 (official USD)
359,11.9667,nailing,-0.1,0.28,1.45,-1.1999999999999997,-0.62,1.59,-1.1999999999999997,-0.45999999999999996,1.34,-1.7999999999999998,-0.32,0.04,-1.7999999999999998,-0.32,0,lower,90.0,0,walk_to_fastener,ready,0,0.0,0.0,0,0,1,0.4667,14,AgiBot Genie G2 (official USD)
360,12.0,nailing,-0.1,0.28,1.45,-1.1999999999999997,-0.62,1.59,-1.1999999999999997,-0.45999999999999996,1.34,-1.7999999999999998,-0.32,0.04,-1.7999999999999998,-0.32,0,lower,90.0,0,walk_to_fastener,ready,0,0.0,0.0,0,0,1,0.5,15,AgiBot Genie G2 (official USD)
361,12.0333,nailing,-0.1,0.28,1.45,-1.1999999999999997,-0.62,1.59,-1.1999999999999997,-0.45999999999999996,1.34,-1.7999999999999998,-0.32,0.04,-1.7999999999999998,-0.32,0,lower,90.0,0,walk_to_fastener,ready,0,0.0,0.0,0,0,1,0.5333,16,AgiBot Genie G2 (official USD)
362,12.0667,nailing,-0.1,0.28,1.45,-1.1999999999999997,-0.62,1.59,-1.1999999999999997,-0.45999999999999996,1.34,-1.7999999999999998,-0.32,0.04,-1.7999999999999998,-0.32,0,lower,90.0,0,walk_to_fastener,ready,0,0.0,0.0,0,0,1,0.5667,17,AgiBot Genie G2 (official USD)
363,12.1,nailing,-0.1,0.28,1.45,-1.1999999999999997,-0.62,1.59,-1.1999999999999997,-0.45999999999999996,1.34,-1.7999999999999998,-0.32,0.04,-1.7999999999999998,-0.32,0,lower,90.0,0,walk_to_fastener,ready,0,0.0,0.0,0,0,1,0.6,18,AgiBot Genie G2 (official USD)
364,12.1333,nailing,-0.1,0.28,1.45,-1.1999999999999997,-0.62,1.59,-1.1999999999999997,-0.45999999999999996,1.34,-1.7999999999999998,-0.32,0.04,-1.7999999999999998,-0.32,0,lower,90.0,0,walk_to_fastener,ready,0,0.0,0.0,0,0,1,0.6333,19,AgiBot Genie G2 (official USD)
365,12.1667,nailing,-0.1,0.28,1.45,-1.1999999999999997,-0.62,1.59,-1.1999999999999997,-0.45999999999999996,1.34,-1.7999999999999998,-0.32,0.04,-1.7999999999999998,-0.32,0,lower,90.0,0,walk_to_fastener,ready,0,0.0,0.0,0,0,1,0.6667,20,AgiBot Genie G2 (official USD)
366,12.2,nailing,-0.1,0.28,1.45,-1.1999999999999997,-0.62,1.59,-1.1999999999999997,-0.45999999999999996,1.34,-1.7999999999999998,-0.32,0.04,-1.7999999999999998,-0.32,0,lower,90.0,0,walk_to_fastener,ready,0,0.0,0.0,0,0,1,0.7,21,AgiBot Genie G2 (official USD)
367,12.2333,nailing,-0.1,0.28,1.45,-1.1999999999999997,-0.62,1.59,-1.1999999999999997,-0.45999999999999996,1.34,-1.7999999999999998,-0.32,0.04,-1.7999999999999998,-0.32,0,lower,90.0,0,align_tool,ready,0,0.0,0.0,0,0,1,0.7333,22,AgiBot Genie G2 (official USD)
368,12.2667,nailing,-0.1,0.28,1.45,-1.1999999999999997,-0.62,1.59,-1.1999999999999997,-0.45999999999999996,1.34,-1.7999999999999998,-0.32,0.04,-1.7999999999999998,-0.32,0,lower,90.0,0,align_tool,ready,0,0.0,0.0,0,0,1,0.7667,23,AgiBot Genie G2 (official USD)
369,12.3,nailing,-0.1,0.28,1.45,-1.1999999999999997,-0.62,1.59,-1.1999999999999997,-0.45999999999999996,1.34,-1.7999999999999998,-0.32,0.04,-1.7999999999999998,-0.32,0,lower,90.0,0,align_tool,ready,0,0.0,0.0,0,0,1,0.8,24,AgiBot Genie G2 (official USD)
370,12.3333,nailing,-0.1,0.28,1.45,-1.1999999999999997,-0.62,1.59,-1.1999999999999997,-0.45999999999999996,1.34,-1.7999999999999998,-0.32,0.04,-1.7999999999999998,-0.32,0,lower,90.0,0,align_tool,ready,0,0.0,0.0,0,0,1,0.8333,25,AgiBot Genie G2 (official USD)
371,12.3667,nailing,-0.1,0.28,1.45,-1.1999999999999997,-0.62,1.59,-1.1999999999999997,-0.45999999999999996,1.34,-1.7999999999999998,-0.32,0.04,-1.7999999999999998,-0.32,0,lower,90.0,0,align_tool,ready,0,0.0,0.0,0,0,1,0.8667,26,AgiBot Genie G2 (official USD)
372,12.4,nailing,-0.1,0.28,1.45,-1.1999999999999997,-0.62,1.59,-1.1999999999999997,-0.45999999999999996,1.34,-1.7999999999999998,-0.32,0.04,-1.7999999999999998,-0.32,0,lower,90.0,0,align_tool,ready,0,0.0,0.0,0,0,1,0.9,27,AgiBot Genie G2 (official USD)
373,12.4333,nailing,-0.1,0.28,1.45,-1.1999999999999997,-0.62,1.59,-1.1999999999999997,-0.45999999999999996,1.34,-1.7999999999999998,-0.32,0.04,-1.7999999999999998,-0.32,0,lower,90.0,0,align_tool,ready,0,0.0,0.0,0,0,1,0.9333,28,AgiBot Genie G2 (official USD)
374,12.4667,nailing,-0.1,0.28,1.45,-1.1999999999999997,-0.6182846793552812,1.5895683299039782,-1.1999999999999997,-0.45828467935528117,1.3395683299039782,-1.7999999999999998,-0.32,0.04,-1.7999999999999998,-0.32,0,lower,90.0,0,move_to_fastener,working_0,0,0.0,0.25,0,0,1,0.9667,29,AgiBot Genie G2 (official USD)
375,12.5,nailing,-0.1,0.28,1.45,-1.1999999999999997,-0.6051446759259259,1.5862615740740742,-1.1999999999999997,-0.4451446759259259,1.3362615740740742,-1.7999999999999998,-0.32,0.04,-1.7999999999999998,-0.32,0,lower,90.0,0,move_to_fastener,working_0,0,0.0,0.25,0,0,1,1.0,30,AgiBot Genie G2 (official USD)
376,12.5333,nailing,-0.1,0.28,1.45,-1.1999999999999997,-0.5803534379286696,1.5800227194787382,-1.1999999999999997,-0.4203534379286695,1.3300227194787382,-1.7999999999999998,-0.32,0.04,-1.7999999999999998,-0.32,0,lower,90.0,0,move_to_fastener,working_0,0,0.0,0.25,0,0,1,1.0333,31,AgiBot Genie G2 (official USD)
377,12.5667,nailing,-0.1,0.28,1.45,-1.1999999999999997,-0.5454644633058987,1.5712427126200275,-1.1999999999999997,-0.3854644633058987,1.3212427126200275,-1.7999999999999998,-0.32,0.04,-1.7999999999999998,-0.32,0,lower,90.0,0,move_to_fastener,working_0,0,0.0,0.25,0,0,1,1.0667,32,AgiBot Genie G2 (official USD)
378,12.6,nailing,-0.1,0.28,1.45,-1.1999999999999997,-0.5020312500000006,1.5603125000000002,-1.1999999999999997,-0.34203125000000056,1.3103125000000002,-1.7999999999999998,-0.32,0.04,-1.7999999999999998,-0.32,0,lower,90.0,0,move_to_fastener,working_0,0,0.0,0.25,0,0,1,1.1,33,AgiBot Genie G2 (official USD)
379,12.6333,nailing,-0.1,0.28,1.45,-1.1999999999999997,-0.4516072959533615,1.5476230281207135,-1.1999999999999997,-0.29160729595336154,1.2976230281207135,-1.7999999999999998,-0.32,0.04,-1.7999999999999998,-0.32,0,lower,90.0,0,move_to_fastener,working_0,0,0.0,0.25,0,0,1,1.1333,34,AgiBot Genie G2 (official USD)
380,12.6667,nailing,-0.1,0.28,1.45,-1.1999999999999997,-0.39574609910836855,1.5335652434842253,-1.1999999999999997,-0.23574609910836855,1.2835652434842253,-1.7999999999999998,-0.32,0.04,-1.7999999999999998,-0.32,0,lower,90.0,0,move_to_fastener,working_0,0,0.0,0.25,0,0,1,1.1667,35,AgiBot Genie G2 (official USD)
381,12.7,nailing,-0.1,0.28,1.45,-1.1999999999999997,-0.3360011574074088,1.5185300925925929,-1.1999999999999997,-0.17600115740740882,1.2685300925925929,-1.7999999999999998,-0.32,0.04,-1.7999999999999998,-0.32,0,lower,90.0,0,move_to_fastener,working_0,0,0.0,0.25,0,0,1,1.2,36,AgiBot Genie G2 (official USD)
382,12.7333,nailing,-0.1,0.28,1.45,-1.1999999999999997,-0.27392596879286846,1.5029085219478742,-1.1999999999999997,-0.11392596879286845,1.2529085219478742,-1.7999999999999998,-0.32,0.04,-1.7999999999999998,-0.32,0,lower,90.0,0,move_to_fastener,working_0,0,0.0,0.25,0,0,1,1.2333,37,AgiBot Genie G2 (official USD)
383,12.7667,nailing,-0.1,0.28,1.45,-1.2,-0.21107403120713125,1.4870914780521258,-1.2,-0.05107403120713125,1.2370914780521258,-1.7999999999999998,-0.32,0.04,-1.7999999999999998,-0.32,0,lower,90.0,0,move_to_fastener,working_0,0,0.0,0.25,0,0,1,1.2667,38,AgiBot Genie G2 (official USD)
384,12.8,nailing,-0.1,0.28,1.45,-1.2,-0.14899884259259144,1.4714699074074071,-1.2,0.011001157407408563,1.2214699074074071,-1.7999999999999998,-0.32,0.04,-1.7999999999999998,-0.32,0,lower,90.0,0,move_to_fastener,working_0,0,0.0,0.25,0,0,1,1.3,39,AgiBot Genie G2 (official USD)
385,12.8333,nailing,-0.1,0.28,1.45,-1.2,-0.08925390089163143,1.4564347565157747,-1.2,0.07074609910836857,1.2064347565157747,-1.7999999999999998,-0.32,0.04,-1.7999999999999998,-0.32,0,lower,90.0,0,move_to_fastener,working_0,0,0.0,0.25,0,0,1,1.3333,40,AgiBot Genie G2 (official USD)
386,12.8667,nailing,-0.1,0.28,1.45,-1.2,-0.03339270404663852,1.4423769718792865,-1.2,0.12660729595336148,1.1923769718792865,-1.7999999999999998,-0.32,0.04,-1.7999999999999998,-0.32,0,lower,90.0,0,move_to_fastener,working_0,0,0.0,0.25,0,0,1,1.3667,41,AgiBot Genie G2 (official USD)
387,12.9,nailing,-0.1,0.28,1.45,-1.2,0.01703125000000061,1.4296874999999998,-1.2,0.1770312500000006,1.1796874999999998,-1.7999999999999998,-0.32,0.04,-1.7999999999999998,-0.32,0,lower,90.0,0,move_to_fastener,working_0,0,0.0,0.25,0,0,1,1.4,42,AgiBot Genie G2 (official USD)
388,12.9333,nailing,-0.1,0.28,1.45,-1.2,0.06046446330589894,1.4187572873799723,-1.2,0.22046446330589894,1.1687572873799723,-1.7999999999999998,-0.32,0.04,-1.7999999999999998,-0.32,0,lower,90.0,0,move_to_fastener,working_0,0,0.0,0.25,0,0,1,1.4333,43,AgiBot Genie G2 (official USD)
389,12.9667,nailing,-0.1,0.28,1.45,-1.2,0.09535343792866946,1.4099772805212618,-1.2,0.2553534379286695,1.1599772805212618,-1.7999999999999998,-0.32,0.04,-1.7999999999999998,-0.32,0,lower,90.0,0,move_to_fastener,working_0,0,0.0,0.25,0,0,1,1.4667,44,AgiBot Genie G2 (official USD)
390,13.0,nailing,-0.1,0.28,1.45,-1.2,0.12014467592592593,1.4037384259259258,-1.2,0.28014467592592596,1.1537384259259258,-1.7999999999999998,-0.32,0.04,-1.7999999999999998,-0.32,0,lower,90.0,0,move_to_fastener,working_0,0,0.0,0.25,0,0,1,1.5,45,AgiBot Genie G2 (official USD)
391,13.0333,nailing,-0.1,0.28,1.45,-1.2,0.1332846793552812,1.4004316700960218,-1.2,0.29328467935528124,1.1504316700960218,-1.7999999999999998,-0.32,0.04,-1.7999999999999998,-0.32,0,lower,90.0,0,move_to_fastener,working_0,0,0.0,0.25,0,0,1,1.5333,46,AgiBot Genie G2 (official USD)
392,13.0667,nailing,-0.1,0.28,1.45,-1.2,0.135,1.4,-1.2,0.29500000000000004,1.15,-1.7999999999999998,-0.32,0.04,-1.7999999999999998,-0.32,0,lower,90.0,0,press_fastener,press_0,1,120.0,1.0,0,0,1,1.5667,47,AgiBot Genie G2 (official USD)
393,13.1,nailing,-0.1,0.28,1.45,-1.2,0.135,1.4,-1.2,0.29500000000000004,1.15,-1.7999999999999998,-0.32,0.04,-1.7999999999999998,-0.32,0,lower,90.0,0,press_fastener,press_0,1,120.0,1.0,0,0,1,1.6,48,AgiBot Genie G2 (official USD)
394,13.1333,nailing,-0.1,0.28,1.45,-1.2,0.135,1.4,-1.2,0.29500000000000004,1.15,-1.7999999999999998,-0.32,0.04,-1.7999999999999998,-0.32,0,lower,90.0,0,press_fastener,press_0,1,120.0,1.0,0,0,1,1.6333,49,AgiBot Genie G2 (official USD)
395,13.1667,nailing,-0.1,0.28,1.45,-1.2,0.135,1.4,-1.2,0.29500000000000004,1.15,-1.7999999999999998,-0.32,0.04,-1.7999999999999998,-0.32,0,lower,90.0,0,press_fastener,press_0,1,120.0,1.0,0,0,1,1.6667,50,AgiBot Genie G2 (official USD)
396,13.2,nailing,-0.1,0.28,1.45,-1.2,0.135,1.4,-1.2,0.29500000000000004,1.15,-1.7999999999999998,-0.32,0.04,-1.7999999999999998,-0.32,0,lower,90.0,0,press_fastener,press_0,1,120.0,1.0,0,0,1,1.7,51,AgiBot Genie G2 (official USD)
397,13.2333,nailing,-0.1,0.28,1.45,-1.2,0.135,1.4,-1.2,0.29500000000000004,1.15,-1.7999999999999998,-0.32,0.04,-1.7999999999999998,-0.32,0,lower,90.0,0,press_fastener,press_0,1,120.0,1.0,0,0,1,1.7333,52,AgiBot Genie G2 (official USD)
398,13.2667,nailing,-0.1,0.28,1.45,-1.2,0.135,1.4,-1.2,0.29500000000000004,1.15,-1.7999999999999998,-0.32,0.04,-1.7999999999999998,-0.32,0,lower,90.0,0,press_fastener,press_0,1,120.0,1.0,0,0,1,1.7667,53,AgiBot Genie G2 (official USD)
399,13.3,nailing,-0.1,0.28,1.45,-1.2,0.135,1.4,-1.2,0.29500000000000004,1.15,-1.7999999999999998,-0.32,0.04,-1.7999999999999998,-0.32,0,lower,90.0,0,hold_fastener,working_0,1,120.0,1.0,1,0,1,1.8,54,AgiBot Genie G2 (official USD)
400,13.3333,nailing,-0.1,0.28,1.45,-1.2,0.135,1.4,-1.2,0.29500000000000004,1.15,-1.7999999999999998,-0.32,0.04,-1.7999999999999998,-0.32,0,lower,90.0,0,hold_fastener,working_0,1,120.0,1.0,1,0,1,1.8333,55,AgiBot Genie G2 (official USD)
401,13.3667,nailing,-0.1,0.28,1.45,-1.2,0.135,1.4,-1.2,0.29500000000000004,1.15,-1.7999999999999998,-0.32,0.04,-1.7999999999999998,-0.32,0,lower,90.0,0,hold_fastener,working_0,1,120.0,1.0,1,0,1,1.8667,56,AgiBot Genie G2 (official USD)
402,13.4,nailing,-0.1,0.28,1.45,-1.2,0.135,1.4,-1.2,0.29500000000000004,1.15,-1.7999999999999998,-0.32,0.04,-1.7999999999999998,-0.32,0,lower,90.0,0,hold_fastener,working_0,1,120.0,1.0,1,0,1,1.9,57,AgiBot Genie G2 (official USD)
403,13.4333,nailing,-0.1,0.28,1.45,-1.2,0.135,1.4,-1.2,0.29500000000000004,1.15,-1.7999999999999998,-0.32,0.04,-1.7999999999999998,-0.32,0,lower,90.0,0,hold_fastener,working_0,1,120.0,1.0,1,0,1,1.9333,58,AgiBot Genie G2 (official USD)
404,13.4667,nailing,-0.1,0.28,1.45,-1.2,0.135,1.4,-1.2,0.29500000000000004,1.15,-1.7999999999999998,-0.32,0.04,-1.7999999999999998,-0.32,0,lower,90.0,0,hold_fastener,working_0,1,120.0,1.0,1,0,1,1.9667,59,AgiBot Genie G2 (official USD)
405,13.5,nailing,-0.1,0.28,1.45,-1.2,0.135,1.4,-1.2,0.29500000000000004,1.15,-1.7999999999999998,-0.32,0.04,-1.7999999999999998,-0.32,0,lower,90.0,0,hold_fastener,working_0,1,120.0,1.0,1,0,1,2.0,60,AgiBot Genie G2 (official USD)
406,13.5333,nailing,-0.1,0.28,1.45,-1.2,0.135,1.4,-1.2,0.29500000000000004,1.15,-1.7999999999999998,-0.32,0.04,-1.7999999999999998,-0.32,0,lower,90.0,0,hold_fastener,working_0,1,120.0,1.0,1,0,1,2.0333,61,AgiBot Genie G2 (official USD)
407,13.5667,nailing,-0.1,0.28,1.45,-1.2,0.135,1.4,-1.2,0.29500000000000004,1.15,-1.7999999999999998,-0.32,0.04,-1.7999999999999998,-0.32,0,lower,90.0,0,hold_fastener,working_0,1,120.0,1.0,1,0,1,2.0667,62,AgiBot Genie G2 (official USD)
408,13.6,nailing,-0.1,0.28,1.45,-1.2,0.135,1.4,-1.2,0.29500000000000004,1.15,-1.7999999999999998,-0.32,0.04,-1.7999999999999998,-0.32,0,lower,90.0,0,hold_fastener,working_0,1,120.0,1.0,1,0,1,2.1,63,AgiBot Genie G2 (official USD)
409,13.6333,nailing,-0.1,0.28,1.45,-1.2,0.135,1.4,-1.2,0.29500000000000004,1.15,-1.7999999999999998,-0.32,0.04,-1.7999999999999998,-0.32,0,lower,90.0,0,hold_fastener,working_0,1,120.0,1.0,1,0,1,2.1333,64,AgiBot Genie G2 (official USD)
410,13.6667,nailing,-0.1,0.28,1.45,-1.2,0.135,1.4,-1.2,0.29500000000000004,1.15,-1.7999999999999998,-0.32,0.04,-1.7999999999999998,-0.32,0,lower,90.0,0,hold_fastener,working_0,1,120.0,1.0,1,0,1,2.1667,65,AgiBot Genie G2 (official USD)
411,13.7,nailing,-0.1,0.28,1.45,-1.2,0.135,1.4,-1.2,0.29500000000000004,1.15,-1.7999999999999998,-0.32,0.04,-1.7999999999999998,-0.32,0,lower,90.0,0,hold_fastener,working_0,1,120.0,1.0,1,0,1,2.2,66,AgiBot Genie G2 (official USD)
412,13.7333,nailing,-0.1,0.28,1.45,-1.2,0.135,1.4,-1.2,0.29500000000000004,1.15,-1.7999999999999998,-0.32,0.04,-1.7999999999999998,-0.32,0,lower,90.0,0,hold_fastener,working_0,1,120.0,1.0,1,0,1,2.2333,67,AgiBot Genie G2 (official USD)
413,13.7667,nailing,-0.1,0.28,1.45,-1.2,0.135,1.4,-1.2,0.29500000000000004,1.15,-1.7999999999999998,-0.32,0.04,-1.7999999999999998,-0.32,0,lower,90.0,0,hold_fastener,working_0,1,120.0,1.0,1,0,1,2.2667,68,AgiBot Genie G2 (official USD)
414,13.8,nailing,-0.1,0.28,1.45,-1.2,0.135,1.4,-1.2,0.29500000000000004,1.15,-1.7999999999999998,-0.32,0.04,-1.7999999999999998,-0.32,0,lower,90.0,0,hold_fastener,working_0,1,120.0,1.0,1,0,1,2.3,69,AgiBot Genie G2 (official USD)
415,13.8333,nailing,-0.1,0.28,1.45,-1.2,0.135,1.4,-1.2,0.29500000000000004,1.15,-1.7999999999999998,-0.32,0.04,-1.7999999999999998,-0.32,0,lower,90.0,0,hold_fastener,working_0,1,120.0,1.0,1,0,1,2.3333,70,AgiBot Genie G2 (official USD)
416,13.8667,nailing,-0.1,0.28,1.45,-1.2,0.135,1.4,-1.2,0.29500000000000004,1.15,-1.7999999999999998,-0.32,0.04,-1.7999999999999998,-0.32,0,lower,90.0,0,hold_fastener,working_0,1,120.0,1.0,1,0,1,2.3667,71,AgiBot Genie G2 (official USD)
417,13.9,nailing,-0.1,0.28,1.45,-1.2,0.135,1.4,-1.2,0.29500000000000004,1.15,-1.7999999999999998,-0.32,0.04,-1.7999999999999998,-0.32,0,lower,90.0,0,hold_fastener,working_0,1,120.0,1.0,1,0,1,2.4,72,AgiBot Genie G2 (official USD)
418,13.9333,nailing,-0.1,0.28,1.45,-1.2,0.135,1.4,-1.2,0.29500000000000004,1.15,-1.7999999999999998,-0.32,0.04,-1.7999999999999998,-0.32,0,lower,90.0,0,hold_fastener,working_0,1,120.0,1.0,1,0,1,2.4333,73,AgiBot Genie G2 (official USD)
419,13.9667,nailing,-0.1,0.28,1.45,-1.2,0.135,1.4,-1.2,0.29500000000000004,1.15,-1.7999999999999998,-0.32,0.04,-1.7999999999999998,-0.32,0,lower,90.0,0,hold_fastener,working_0,1,120.0,1.0,1,0,1,2.4667,74,AgiBot Genie G2 (official USD)
420,14.0,nailing,-0.1,0.28,1.45,-1.1999999999999997,-0.62,1.59,-1.1999999999999997,-0.45999999999999996,1.34,-1.7999999999999998,-0.32,0.04,-1.7999999999999998,-0.32,0,upper,90.0,1,walk_to_fastener,ready,0,0.0,0.0,1,0,1,2.5,75,AgiBot Genie G2 (official USD)
421,14.0333,nailing,-0.1,0.28,1.45,-1.1999999999999997,-0.62,1.59,-1.1999999999999997,-0.45999999999999996,1.34,-1.7999999999999998,-0.32,0.04,-1.7999999999999998,-0.32,0,upper,90.0,1,walk_to_fastener,ready,0,0.0,0.0,1,0,1,2.5333,76,AgiBot Genie G2 (official USD)
422,14.0667,nailing,-0.1,0.28,1.45,-1.1999999999999997,-0.62,1.59,-1.1999999999999997,-0.45999999999999996,1.34,-1.7999999999999998,-0.32,0.04,-1.7999999999999998,-0.32,0,upper,90.0,1,walk_to_fastener,ready,0,0.0,0.0,1,0,1,2.5667,77,AgiBot Genie G2 (official USD)
423,14.1,nailing,-0.1,0.28,1.45,-1.1999999999999997,-0.62,1.59,-1.1999999999999997,-0.45999999999999996,1.34,-1.7999999999999998,-0.32,0.04,-1.7999999999999998,-0.32,0,upper,90.0,1,walk_to_fastener,ready,0,0.0,0.0,1,0,1,2.6,78,AgiBot Genie G2 (official USD)
424,14.1333,nailing,-0.1,0.28,1.45,-1.1999999999999997,-0.62,1.59,-1.1999999999999997,-0.45999999999999996,1.34,-1.7999999999999998,-0.32,0.04,-1.7999999999999998,-0.32,0,upper,90.0,1,walk_to_fastener,ready,0,0.0,0.0,1,0,1,2.6333,79,AgiBot Genie G2 (official USD)
425,14.1667,nailing,-0.1,0.28,1.45,-1.1999999999999997,-0.62,1.59,-1.1999999999999997,-0.45999999999999996,1.34,-1.7999999999999998,-0.32,0.04,-1.7999999999999998,-0.32,0,upper,90.0,1,walk_to_fastener,ready,0,0.0,0.0,1,0,1,2.6667,80,AgiBot Genie G2 (official USD)
426,14.2,nailing,-0.1,0.28,1.45,-1.1999999999999997,-0.62,1.59,-1.1999999999999997,-0.45999999999999996,1.34,-1.7999999999999998,-0.32,0.04,-1.7999999999999998,-0.32,0,upper,90.0,1,walk_to_fastener,ready,0,0.0,0.0,1,0,1,2.7,81,AgiBot Genie G2 (official USD)
427,14.2333,nailing,-0.1,0.28,1.45,-1.1999999999999997,-0.62,1.59,-1.1999999999999997,-0.45999999999999996,1.34,-1.7999999999999998,-0.32,0.04,-1.7999999999999998,-0.32,0,upper,90.0,1,walk_to_fastener,ready,0,0.0,0.0,1,0,1,2.7333,82,AgiBot Genie G2 (official USD)
428,14.2667,nailing,-0.1,0.28,1.45,-1.1999999999999997,-0.62,1.59,-1.1999999999999997,-0.45999999999999996,1.34,-1.7999999999999998,-0.32,0.04,-1.7999999999999998,-0.32,0,upper,90.0,1,walk_to_fastener,ready,0,0.0,0.0,1,0,1,2.7667,83,AgiBot Genie G2 (official USD)
429,14.3,nailing,-0.1,0.28,1.45,-1.1999999999999997,-0.62,1.59,-1.1999999999999997,-0.45999999999999996,1.34,-1.7999999999999998,-0.32,0.04,-1.7999999999999998,-0.32,0,upper,90.0,1,walk_to_fastener,ready,0,0.0,0.0,1,0,1,2.8,84,AgiBot Genie G2 (official USD)
430,14.3333,nailing,-0.1,0.28,1.45,-1.1999999999999997,-0.62,1.59,-1.1999999999999997,-0.45999999999999996,1.34,-1.7999999999999998,-0.32,0.04,-1.7999999999999998,-0.32,0,upper,90.0,1,walk_to_fastener,ready,0,0.0,0.0,1,0,1,2.8333,85,AgiBot Genie G2 (official USD)
431,14.3667,nailing,-0.1,0.28,1.45,-1.1999999999999997,-0.62,1.59,-1.1999999999999997,-0.45999999999999996,1.34,-1.7999999999999998,-0.32,0.04,-1.7999999999999998,-0.32,0,upper,90.0,1,walk_to_fastener,ready,0,0.0,0.0,1,0,1,2.8667,86,AgiBot Genie G2 (official USD)
432,14.4,nailing,-0.1,0.28,1.45,-1.1999999999999997,-0.62,1.59,-1.1999999999999997,-0.45999999999999996,1.34,-1.7999999999999998,-0.32,0.04,-1.7999999999999998,-0.32,0,upper,90.0,1,walk_to_fastener,ready,0,0.0,0.0,1,0,1,2.9,87,AgiBot Genie G2 (official USD)
433,14.4333,nailing,-0.1,0.28,1.45,-1.1999999999999997,-0.62,1.59,-1.1999999999999997,-0.45999999999999996,1.34,-1.7999999999999998,-0.32,0.04,-1.7999999999999998,-0.32,0,upper,90.0,1,walk_to_fastener,ready,0,0.0,0.0,1,0,1,2.9333,88,AgiBot Genie G2 (official USD)
434,14.4667,nailing,-0.1,0.28,1.45,-1.1999999999999997,-0.62,1.59,-1.1999999999999997,-0.45999999999999996,1.34,-1.7999999999999998,-0.32,0.04,-1.7999999999999998,-0.32,0,upper,90.0,1,walk_to_fastener,ready,0,0.0,0.0,1,0,1,2.9667,89,AgiBot Genie G2 (official USD)
435,14.5,nailing,-0.1,0.28,1.45,-1.1999999999999997,-0.62,1.59,-1.1999999999999997,-0.45999999999999996,1.34,-1.7999999999999998,-0.32,0.04,-1.7999999999999998,-0.32,0,upper,90.0,1,walk_to_fastener,ready,0,0.0,0.0,1,0,1,3.0,90,AgiBot Genie G2 (official USD)
436,14.5333,nailing,-0.1,0.28,1.45,-1.1999999999999997,-0.62,1.59,-1.1999999999999997,-0.45999999999999996,1.34,-1.7999999999999998,-0.32,0.04,-1.7999999999999998,-0.32,0,upper,90.0,1,walk_to_fastener,ready,0,0.0,0.0,1,0,1,3.0333,91,AgiBot Genie G2 (official USD)
437,14.5667,nailing,-0.1,0.28,1.45,-1.1999999999999997,-0.62,1.59,-1.1999999999999997,-0.45999999999999996,1.34,-1.7999999999999998,-0.32,0.04,-1.7999999999999998,-0.32,0,upper,90.0,1,walk_to_fastener,ready,0,0.0,0.0,1,0,1,3.0667,92,AgiBot Genie G2 (official USD)
438,14.6,nailing,-0.1,0.28,1.45,-1.1999999999999997,-0.62,1.59,-1.1999999999999997,-0.45999999999999996,1.34,-1.7999999999999998,-0.32,0.04,-1.7999999999999998,-0.32,0,upper,90.0,1,walk_to_fastener,ready,0,0.0,0.0,1,0,1,3.1,93,AgiBot Genie G2 (official USD)
439,14.6333,nailing,-0.1,0.28,1.45,-1.1999999999999997,-0.62,1.59,-1.1999999999999997,-0.45999999999999996,1.34,-1.7999999999999998,-0.32,0.04,-1.7999999999999998,-0.32,0,upper,90.0,1,walk_to_fastener,ready,0,0.0,0.0,1,0,1,3.1333,94,AgiBot Genie G2 (official USD)
440,14.6667,nailing,-0.1,0.28,1.45,-1.1999999999999997,-0.62,1.59,-1.1999999999999997,-0.45999999999999996,1.34,-1.7999999999999998,-0.32,0.04,-1.7999999999999998,-0.32,0,upper,90.0,1,walk_to_fastener,ready,0,0.0,0.0,1,0,1,3.1667,95,AgiBot Genie G2 (official USD)
441,14.7,nailing,-0.1,0.28,1.45,-1.1999999999999997,-0.62,1.59,-1.1999999999999997,-0.45999999999999996,1.34,-1.7999999999999998,-0.32,0.04,-1.7999999999999998,-0.32,0,upper,90.0,1,walk_to_fastener,ready,0,0.0,0.0,1,0,1,3.2,96,AgiBot Genie G2 (official USD)
442,14.7333,nailing,-0.1,0.28,1.45,-1.1999999999999997,-0.62,1.59,-1.1999999999999997,-0.45999999999999996,1.34,-1.7999999999999998,-0.32,0.04,-1.7999999999999998,-0.32,0,upper,90.0,1,align_tool,ready,0,0.0,0.0,1,0,1,3.2333,97,AgiBot Genie G2 (official USD)
443,14.7667,nailing,-0.1,0.28,1.45,-1.1999999999999997,-0.62,1.59,-1.1999999999999997,-0.45999999999999996,1.34,-1.7999999999999998,-0.32,0.04,-1.7999999999999998,-0.32,0,upper,90.0,1,align_tool,ready,0,0.0,0.0,1,0,1,3.2667,98,AgiBot Genie G2 (official USD)
444,14.8,nailing,-0.1,0.28,1.45,-1.1999999999999997,-0.62,1.59,-1.1999999999999997,-0.45999999999999996,1.34,-1.7999999999999998,-0.32,0.04,-1.7999999999999998,-0.32,0,upper,90.0,1,align_tool,ready,0,0.0,0.0,1,0,1,3.3,99,AgiBot Genie G2 (official USD)
445,14.8333,nailing,-0.1,0.28,1.45,-1.1999999999999997,-0.62,1.59,-1.1999999999999997,-0.45999999999999996,1.34,-1.7999999999999998,-0.32,0.04,-1.7999999999999998,-0.32,0,upper,90.0,1,align_tool,ready,0,0.0,0.0,1,0,1,3.3333,100,AgiBot Genie G2 (official USD)
446,14.8667,nailing,-0.1,0.28,1.45,-1.1999999999999997,-0.62,1.59,-1.1999999999999997,-0.45999999999999996,1.34,-1.7999999999999998,-0.32,0.04,-1.7999999999999998,-0.32,0,upper,90.0,1,align_tool,ready,0,0.0,0.0,1,0,1,3.3667,101,AgiBot Genie G2 (official USD)
447,14.9,nailing,-0.1,0.28,1.45,-1.1999999999999997,-0.62,1.59,-1.1999999999999997,-0.45999999999999996,1.34,-1.7999999999999998,-0.32,0.04,-1.7999999999999998,-0.32,0,upper,90.0,1,align_tool,ready,0,0.0,0.0,1,0,1,3.4,102,AgiBot Genie G2 (official USD)
448,14.9333,nailing,-0.1,0.28,1.45,-1.1999999999999997,-0.62,1.59,-1.1999999999999997,-0.45999999999999996,1.34,-1.7999999999999998,-0.32,0.04,-1.7999999999999998,-0.32,0,upper,90.0,1,align_tool,ready,0,0.0,0.0,1,0,1,3.4333,103,AgiBot Genie G2 (official USD)
449,14.9667,nailing,-0.1,0.28,1.45,-1.1999999999999997,-0.6182846793552812,1.5911586934156379,-1.1999999999999997,-0.45828467935528117,1.3411586934156379,-1.7999999999999998,-0.32,0.04,-1.7999999999999998,-0.32,0,upper,90.0,1,move_to_fastener,working_1,0,0.0,0.25,1,0,1,3.4667,104,AgiBot Genie G2 (official USD)
450,15.0,nailing,-0.1,0.28,1.45,-1.1999999999999997,-0.6051446759259259,1.6000347222222224,-1.1999999999999997,-0.4451446759259259,1.3500347222222224,-1.7999999999999998,-0.32,0.04,-1.7999999999999998,-0.32,0,upper,90.0,1,move_to_fastener,working_1,0,0.0,0.25,1,0,1,3.5,105,AgiBot Genie G2 (official USD)
451,15.0333,nailing,-0.1,0.28,1.45,-1.1999999999999997,-0.5803534379286696,1.616781121399177,-1.1999999999999997,-0.4203534379286695,1.366781121399177,-1.7999999999999998,-0.32,0.04,-1.7999999999999998,-0.32,0,upper,90.0,1,move_to_fastener,working_1,0,0.0,0.25,1,0,1,3.5333,106,AgiBot Genie G2 (official USD)
452,15.0667,nailing,-0.1,0.28,1.45,-1.1999999999999997,-0.5454644633058987,1.6403485082304525,-1.1999999999999997,-0.3854644633058987,1.3903485082304525,-1.7999999999999998,-0.32,0.04,-1.7999999999999998,-0.32,0,upper,90.0,1,move_to_fastener,working_1,0,0.0,0.25,1,0,1,3.5667,107,AgiBot Genie G2 (official USD)
453,15.1,nailing,-0.1,0.28,1.45,-1.1999999999999997,-0.5020312500000006,1.6696874999999998,-1.1999999999999997,-0.34203125000000056,1.4196874999999998,-1.7999999999999998,-0.32,0.04,-1.7999999999999998,-0.32,0,upper,90.0,1,move_to_fastener,working_1,0,0.0,0.25,1,0,1,3.6,108,AgiBot Genie G2 (official USD)
454,15.1333,nailing,-0.1,0.28,1.45,-1.1999999999999997,-0.4516072959533615,1.703748713991769,-1.1999999999999997,-0.29160729595336154,1.453748713991769,-1.7999999999999998,-0.32,0.04,-1.7999999999999998,-0.32,0,upper,90.0,1,move_to_fastener,working_1,0,0.0,0.25,1,0,1,3.6333,109,AgiBot Genie G2 (official USD)
455,15.1667,nailing,-0.1,0.28,1.45,-1.1999999999999997,-0.39574609910836855,1.7414827674897113,-1.1999999999999997,-0.23574609910836855,1.4914827674897113,-1.7999999999999998,-0.32,0.04,-1.7999999999999998,-0.32,0,upper,90.0,1,move_to_fastener,working_1,0,0.0,0.25,1,0,1,3.6667,110,AgiBot Genie G2 (official USD)
456,15.2,nailing,-0.1,0.28,1.45,-1.1999999999999997,-0.3360011574074088,1.7818402777777769,-1.1999999999999997,-0.17600115740740882,1.5318402777777769,-1.7999999999999998,-0.32,0.04,-1.7999999999999998,-0.32,0,upper,90.0,1,move_to_fastener,working_1,0,0.0,0.25,1,0,1,3.7,111,AgiBot Genie G2 (official USD)
457,15.2333,nailing,-0.1,0.28,1.45,-1.1999999999999997,-0.27392596879286846,1.8237718621399168,-1.1999999999999997,-0.11392596879286845,1.5737718621399168,-1.7999999999999998,-0.32,0.04,-1.7999999999999998,-0.32,0,upper,90.0,1,move_to_fastener,working_1,0,0.0,0.25,1,0,1,3.7333,112,AgiBot Genie G2 (official USD)
458,15.2667,nailing,-0.1,0.28,1.45,-1.2,-0.21107403120713125,1.8662281378600836,-1.2,-0.05107403120713125,1.6162281378600836,-1.7999999999999998,-0.32,0.04,-1.7999999999999998,-0.32,0,upper,90.0,1,move_to_fastener,working_1,0,0.0,0.25,1,0,1,3.7667,113,AgiBot Genie G2 (official USD)
459,15.3,nailing,-0.1,0.28,1.45,-1.2,-0.14899884259259144,1.908159722222223,-1.2,0.011001157407408563,1.658159722222223,-1.7999999999999998,-0.32,0.04,-1.7999999999999998,-0.32,0,upper,90.0,1,move_to_fastener,working_1,0,0.0,0.25,1,0,1,3.8,114,AgiBot Genie G2 (official USD)
460,15.3333,nailing,-0.1,0.28,1.45,-1.2,-0.08925390089163143,1.9485172325102889,-1.2,0.07074609910836857,1.6985172325102889,-1.7999999999999998,-0.32,0.04,-1.7999999999999998,-0.32,0,upper,90.0,1,move_to_fastener,working_1,0,0.0,0.25,1,0,1,3.8333,115,AgiBot Genie G2 (official USD)
461,15.3667,nailing,-0.1,0.28,1.45,-1.2,-0.03339270404663852,1.986251286008231,-1.2,0.12660729595336148,1.736251286008231,-1.7999999999999998,-0.32,0.04,-1.7999999999999998,-0.32,0,upper,90.0,1,move_to_fastener,working_1,0,0.0,0.25,1,0,1,3.8667,116,AgiBot Genie G2 (official USD)
462,15.4,nailing,-0.1,0.28,1.45,-1.2,0.01703125000000061,2.0203125000000006,-1.2,0.1770312500000006,1.7703125000000006,-1.7999999999999998,-0.32,0.04,-1.7999999999999998,-0.32,0,upper,90.0,1,move_to_fastener,working_1,0,0.0,0.25,1,0,1,3.9,117,AgiBot Genie G2 (official USD)
463,15.4333,nailing,-0.1,0.28,1.45,-1.2,0.06046446330589894,2.0496514917695476,-1.2,0.22046446330589894,1.7996514917695476,-1.7999999999999998,-0.32,0.04,-1.7999999999999998,-0.32,0,upper,90.0,1,move_to_fastener,working_1,0,0.0,0.25,1,0,1,3.9333,118,AgiBot Genie G2 (official USD)
464,15.4667,nailing,-0.1,0.28,1.45,-1.2,0.09535343792866946,2.073218878600823,-1.2,0.2553534379286695,1.823218878600823,-1.7999999999999998,-0.32,0.04,-1.7999999999999998,-0.32,0,upper,90.0,1,move_to_fastener,working_1,0,0.0,0.25,1,0,1,3.9667,119,AgiBot Genie G2 (official USD)
465,15.5,nailing,-0.1,0.28,1.45,-1.2,0.12014467592592593,2.089965277777778,-1.2,0.28014467592592596,1.839965277777778,-1.7999999999999998,-0.32,0.04,-1.7999999999999998,-0.32,0,upper,90.0,1,move_to_fastener,working_1,0,0.0,0.25,1,0,1,4.0,120,AgiBot Genie G2 (official USD)
466,15.5333,nailing,-0.1,0.28,1.45,-1.2,0.1332846793552812,2.0988413065843625,-1.2,0.29328467935528124,1.8488413065843625,-1.7999999999999998,-0.32,0.04,-1.7999999999999998,-0.32,0,upper,90.0,1,move_to_fastener,working_1,0,0.0,0.25,1,0,1,4.0333,121,AgiBot Genie G2 (official USD)
467,15.5667,nailing,-0.1,0.28,1.45,-1.2,0.135,2.1,-1.2,0.29500000000000004,1.85,-1.7999999999999998,-0.32,0.04,-1.7999999999999998,-0.32,0,upper,90.0,1,press_fastener,press_1,1,120.0,1.0,1,0,1,4.0667,122,AgiBot Genie G2 (official USD)
468,15.6,nailing,-0.1,0.28,1.45,-1.2,0.135,2.1,-1.2,0.29500000000000004,1.85,-1.7999999999999998,-0.32,0.04,-1.7999999999999998,-0.32,0,upper,90.0,1,press_fastener,press_1,1,120.0,1.0,1,0,1,4.1,123,AgiBot Genie G2 (official USD)
469,15.6333,nailing,-0.1,0.28,1.45,-1.2,0.135,2.1,-1.2,0.29500000000000004,1.85,-1.7999999999999998,-0.32,0.04,-1.7999999999999998,-0.32,0,upper,90.0,1,press_fastener,press_1,1,120.0,1.0,1,0,1,4.1333,124,AgiBot Genie G2 (official USD)
470,15.6667,nailing,-0.1,0.28,1.45,-1.2,0.135,2.1,-1.2,0.29500000000000004,1.85,-1.7999999999999998,-0.32,0.04,-1.7999999999999998,-0.32,0,upper,90.0,1,press_fastener,press_1,1,120.0,1.0,1,0,1,4.1667,125,AgiBot Genie G2 (official USD)
471,15.7,nailing,-0.1,0.28,1.45,-1.2,0.135,2.1,-1.2,0.29500000000000004,1.85,-1.7999999999999998,-0.32,0.04,-1.7999999999999998,-0.32,0,upper,90.0,1,press_fastener,press_1,1,120.0,1.0,1,0,1,4.2,126,AgiBot Genie G2 (official USD)
472,15.7333,nailing,-0.1,0.28,1.45,-1.2,0.135,2.1,-1.2,0.29500000000000004,1.85,-1.7999999999999998,-0.32,0.04,-1.7999999999999998,-0.32,0,upper,90.0,1,press_fastener,press_1,1,120.0,1.0,1,0,1,4.2333,127,AgiBot Genie G2 (official USD)
473,15.7667,nailing,-0.1,0.28,1.45,-1.2,0.135,2.1,-1.2,0.29500000000000004,1.85,-1.7999999999999998,-0.32,0.04,-1.7999999999999998,-0.32,0,upper,90.0,1,press_fastener,press_1,1,120.0,1.0,1,0,1,4.2667,128,AgiBot Genie G2 (official USD)
474,15.8,nailing,-0.1,0.28,1.45,-1.2,0.135,2.1,-1.2,0.29500000000000004,1.85,-1.7999999999999998,-0.32,0.04,-1.7999999999999998,-0.32,0,upper,90.0,1,hold_fastener,working_1,1,120.0,1.0,2,0,1,4.3,129,AgiBot Genie G2 (official USD)
475,15.8333,nailing,-0.1,0.28,1.45,-1.2,0.135,2.1,-1.2,0.29500000000000004,1.85,-1.7999999999999998,-0.32,0.04,-1.7999999999999998,-0.32,0,upper,90.0,1,hold_fastener,working_1,1,120.0,1.0,2,0,1,4.3333,130,AgiBot Genie G2 (official USD)
476,15.8667,nailing,-0.1,0.28,1.45,-1.2,0.135,2.1,-1.2,0.29500000000000004,1.85,-1.7999999999999998,-0.32,0.04,-1.7999999999999998,-0.32,0,upper,90.0,1,hold_fastener,working_1,1,120.0,1.0,2,0,1,4.3667,131,AgiBot Genie G2 (official USD)
477,15.9,nailing,-0.1,0.28,1.45,-1.2,0.135,2.1,-1.2,0.29500000000000004,1.85,-1.7999999999999998,-0.32,0.04,-1.7999999999999998,-0.32,0,upper,90.0,1,hold_fastener,working_1,1,120.0,1.0,2,0,1,4.4,132,AgiBot Genie G2 (official USD)
478,15.9333,nailing,-0.1,0.28,1.45,-1.2,0.135,2.1,-1.2,0.29500000000000004,1.85,-1.7999999999999998,-0.32,0.04,-1.7999999999999998,-0.32,0,upper,90.0,1,hold_fastener,working_1,1,120.0,1.0,2,0,1,4.4333,133,AgiBot Genie G2 (official USD)
479,15.9667,nailing,-0.1,0.28,1.45,-1.2,0.135,2.1,-1.2,0.29500000000000004,1.85,-1.7999999999999998,-0.32,0.04,-1.7999999999999998,-0.32,0,upper,90.0,1,hold_fastener,working_1,1,120.0,1.0,2,0,1,4.4667,134,AgiBot Genie G2 (official USD)
480,16.0,nailing,-0.1,0.28,1.45,-1.2,0.135,2.1,-1.2,0.29500000000000004,1.85,-1.7999999999999998,-0.32,0.04,-1.7999999999999998,-0.32,0,upper,90.0,1,hold_fastener,working_1,1,120.0,1.0,2,0,1,4.5,135,AgiBot Genie G2 (official USD)
481,16.0333,nailing,-0.1,0.28,1.45,-1.2,0.135,2.1,-1.2,0.29500000000000004,1.85,-1.7999999999999998,-0.32,0.04,-1.7999999999999998,-0.32,0,upper,90.0,1,hold_fastener,working_1,1,120.0,1.0,2,0,1,4.5333,136,AgiBot Genie G2 (official USD)
482,16.0667,nailing,-0.1,0.28,1.45,-1.2,0.135,2.1,-1.2,0.29500000000000004,1.85,-1.7999999999999998,-0.32,0.04,-1.7999999999999998,-0.32,0,upper,90.0,1,hold_fastener,working_1,1,120.0,1.0,2,0,1,4.5667,137,AgiBot Genie G2 (official USD)
483,16.1,nailing,-0.1,0.28,1.45,-1.2,0.135,2.1,-1.2,0.29500000000000004,1.85,-1.7999999999999998,-0.32,0.04,-1.7999999999999998,-0.32,0,upper,90.0,1,hold_fastener,working_1,1,120.0,1.0,2,0,1,4.6,138,AgiBot Genie G2 (official USD)
484,16.1333,nailing,-0.1,0.28,1.45,-1.2,0.135,2.1,-1.2,0.29500000000000004,1.85,-1.7999999999999998,-0.32,0.04,-1.7999999999999998,-0.32,0,upper,90.0,1,hold_fastener,working_1,1,120.0,1.0,2,0,1,4.6333,139,AgiBot Genie G2 (official USD)
485,16.1667,nailing,-0.1,0.28,1.45,-1.2,0.135,2.1,-1.2,0.29500000000000004,1.85,-1.7999999999999998,-0.32,0.04,-1.7999999999999998,-0.32,0,upper,90.0,1,hold_fastener,working_1,1,120.0,1.0,2,0,1,4.6667,140,AgiBot Genie G2 (official USD)
486,16.2,nailing,-0.1,0.28,1.45,-1.2,0.135,2.1,-1.2,0.29500000000000004,1.85,-1.7999999999999998,-0.32,0.04,-1.7999999999999998,-0.32,0,upper,90.0,1,hold_fastener,working_1,1,120.0,1.0,2,0,1,4.7,141,AgiBot Genie G2 (official USD)
487,16.2333,nailing,-0.1,0.28,1.45,-1.2,0.135,2.1,-1.2,0.29500000000000004,1.85,-1.7999999999999998,-0.32,0.04,-1.7999999999999998,-0.32,0,upper,90.0,1,hold_fastener,working_1,1,120.0,1.0,2,0,1,4.7333,142,AgiBot Genie G2 (official USD)
488,16.2667,nailing,-0.1,0.28,1.45,-1.2,0.135,2.1,-1.2,0.29500000000000004,1.85,-1.7999999999999998,-0.32,0.04,-1.7999999999999998,-0.32,0,upper,90.0,1,hold_fastener,working_1,1,120.0,1.0,2,0,1,4.7667,143,AgiBot Genie G2 (official USD)
489,16.3,nailing,-0.1,0.28,1.45,-1.2,0.135,2.1,-1.2,0.29500000000000004,1.85,-1.7999999999999998,-0.32,0.04,-1.7999999999999998,-0.32,0,upper,90.0,1,hold_fastener,working_1,1,120.0,1.0,2,0,1,4.8,144,AgiBot Genie G2 (official USD)
490,16.3333,nailing,-0.1,0.28,1.45,-1.2,0.135,2.1,-1.2,0.29500000000000004,1.85,-1.7999999999999998,-0.32,0.04,-1.7999999999999998,-0.32,0,upper,90.0,1,hold_fastener,working_1,1,120.0,1.0,2,0,1,4.8333,145,AgiBot Genie G2 (official USD)
491,16.3667,nailing,-0.1,0.28,1.45,-1.2,0.135,2.1,-1.2,0.29500000000000004,1.85,-1.7999999999999998,-0.32,0.04,-1.7999999999999998,-0.32,0,upper,90.0,1,hold_fastener,working_1,1,120.0,1.0,2,0,1,4.8667,146,AgiBot Genie G2 (official USD)
492,16.4,nailing,-0.1,0.28,1.45,-1.2,0.135,2.1,-1.2,0.29500000000000004,1.85,-1.7999999999999998,-0.32,0.04,-1.7999999999999998,-0.32,0,upper,90.0,1,hold_fastener,working_1,1,120.0,1.0,2,0,1,4.9,147,AgiBot Genie G2 (official USD)
493,16.4333,nailing,-0.1,0.28,1.45,-1.2,0.135,2.1,-1.2,0.29500000000000004,1.85,-1.7999999999999998,-0.32,0.04,-1.7999999999999998,-0.32,0,upper,90.0,1,hold_fastener,working_1,1,120.0,1.0,2,0,1,4.9333,148,AgiBot Genie G2 (official USD)
494,16.4667,nailing,-0.1,0.28,1.45,-1.2,0.135,2.1,-1.2,0.29500000000000004,1.85,-1.7999999999999998,-0.32,0.04,-1.7999999999999998,-0.32,0,upper,90.0,1,hold_fastener,working_1,1,120.0,1.0,2,0,1,4.9667,149,AgiBot Genie G2 (official USD)
495,16.5,nailing,-0.1,0.28,1.45,-1.1999999999999997,-0.62,1.59,-1.1999999999999997,-0.45999999999999996,1.34,-1.7999999999999998,-0.32,0.04,-0.6,-0.32,1,lower,90.0,2,walk_to_fastener,ready,0,0.0,0.0,2,0,1,5.0,150,AgiBot Genie G2 (official USD)
496,16.5333,nailing,-0.1,0.28,1.45,-1.192095885973436,-0.62,1.59,-1.192095885973436,-0.45999999999999996,1.34,-1.792095885973436,-0.32,0.04,-0.6,-0.32,1,lower,90.0,2,walk_to_fastener,ready,0,0.0,0.0,2,0,1,5.0333,151,AgiBot Genie G2 (official USD)
497,16.5667,nailing,-0.1,0.28,1.45,-1.169420149011986,-0.62,1.59,-1.169420149011986,-0.45999999999999996,1.34,-1.7694201490119859,-0.32,0.04,-0.6,-0.32,1,lower,90.0,2,walk_to_fastener,ready,0,0.0,0.0,2,0,1,5.0667,152,AgiBot Genie G2 (official USD)
498,16.6,nailing,-0.1,0.28,1.45,-1.133527696793001,-0.62,1.59,-1.133527696793001,-0.45999999999999996,1.34,-1.733527696793001,-0.32,0.04,-0.6,-0.32,1,lower,90.0,2,walk_to_fastener,ready,0,0.0,0.0,2,0,1,5.1,153,AgiBot Genie G2 (official USD)
499,16.6333,nailing,-0.1,0.28,1.45,-1.0859734369938456,-0.62,1.59,-1.0859734369938456,-0.45999999999999996,1.34,-1.6859734369938457,-0.32,0.04,-0.6,-0.32,1,lower,90.0,2,walk_to_fastener,ready,0,0.0,0.0,2,0,1,5.1333,154,AgiBot Genie G2 (official USD)
500,16.6667,nailing,-0.1,0.28,1.45,-1.028312277291867,-0.62,1.59,-1.028312277291867,-0.45999999999999996,1.34,-1.6283122772918668,-0.32,0.04,-0.6,-0.32,1,lower,90.0,2,walk_to_fastener,ready,0,0.0,0.0,2,0,1,5.1667,155,AgiBot Genie G2 (official USD)
501,16.7,nailing,-0.1,0.28,1.45,-0.962099125364433,-0.62,1.59,-0.962099125364433,-0.45999999999999996,1.34,-1.562099125364433,-0.32,0.04,-0.6,-0.32,1,lower,90.0,2,walk_to_fastener,ready,0,0.0,0.0,2,0,1,5.2,156,AgiBot Genie G2 (official USD)
502,16.7333,nailing,-0.1,0.28,1.45,-0.8888888888888867,-0.62,1.59,-0.8888888888888867,-0.45999999999999996,1.34,-1.4888888888888867,-0.32,0.04,-0.6,-0.32,1,lower,90.0,2,walk_to_fastener,ready,0,0.0,0.0,2,0,1,5.2333,157,AgiBot Genie G2 (official USD)
503,16.7667,nailing,-0.1,0.28,1.45,-0.8102364755426003,-0.62,1.59,-0.8102364755426003,-0.45999999999999996,1.34,-1.4102364755426002,-0.32,0.04,-0.6,-0.32,1,lower,90.0,2,walk_to_fastener,ready,0,0.0,0.0,2,0,1,5.2667,158,AgiBot Genie G2 (official USD)
504,16.8,nailing,-0.1,0.28,1.45,-0.7276967930029136,-0.62,1.59,-0.7276967930029136,-0.45999999999999996,1.34,-1.3276967930029135,-0.32,0.04,-0.6,-0.32,1,lower,90.0,2,walk_to_fastener,ready,0,0.0,0.0,2,0,1,5.3,159,AgiBot Genie G2 (official USD)
505,16.8333,nailing,-0.1,0.28,1.45,-0.6428247489472011,-0.62,1.59,-0.6428247489472011,-0.45999999999999996,1.34,-1.242824748947201,-0.32,0.04,-0.6,-0.32,1,lower,90.0,2,walk_to_fastener,ready,0,0.0,0.0,2,0,1,5.3333,160,AgiBot Genie G2 (official USD)
506,16.8667,nailing,-0.1,0.28,1.45,-0.5571752510528009,-0.62,1.59,-0.5571752510528009,-0.45999999999999996,1.34,-1.1571752510528008,-0.32,0.04,-0.6,-0.32,1,lower,90.0,2,walk_to_fastener,ready,0,0.0,0.0,2,0,1,5.3667,161,AgiBot Genie G2 (official USD)
507,16.9,nailing,-0.1,0.28,1.45,-0.4723032069970884,-0.62,1.59,-0.4723032069970884,-0.45999999999999996,1.34,-1.0723032069970884,-0.32,0.04,-0.6,-0.32,1,lower,90.0,2,walk_to_fastener,ready,0,0.0,0.0,2,0,1,5.4,162,AgiBot Genie G2 (official USD)
508,16.9333,nailing,-0.1,0.28,1.45,-0.3897635244574017,-0.62,1.59,-0.3897635244574017,-0.45999999999999996,1.34,-0.9897635244574017,-0.32,0.04,-0.6,-0.32,1,lower,90.0,2,walk_to_fastener,ready,0,0.0,0.0,2,0,1,5.4333,163,AgiBot Genie G2 (official USD)
509,16.9667,nailing,-0.1,0.28,1.45,-0.3111111111111149,-0.62,1.59,-0.3111111111111149,-0.45999999999999996,1.34,-0.9111111111111149,-0.32,0.04,-0.6,-0.32,1,lower,90.0,2,walk_to_fastener,ready,0,0.0,0.0,2,0,1,5.4667,164,AgiBot Genie G2 (official USD)
510,17.0,nailing,-0.1,0.28,1.45,-0.23790087463556864,-0.62,1.59,-0.23790087463556864,-0.45999999999999996,1.34,-0.8379008746355686,-0.32,0.04,-0.6,-0.32,1,lower,90.0,2,walk_to_fastener,ready,0,0.0,0.0,2,0,1,5.5,165,AgiBot Genie G2 (official USD)
511,17.0333,nailing,-0.1,0.28,1.45,-0.17168772270812804,-0.62,1.59,-0.17168772270812804,-0.45999999999999996,1.34,-0.771687722708128,-0.32,0.04,-0.6,-0.32,1,lower,90.0,2,walk_to_fastener,ready,0,0.0,0.0,2,0,1,5.5333,166,AgiBot Genie G2 (official USD)
512,17.0667,nailing,-0.1,0.28,1.45,-0.11402656300615532,-0.62,1.59,-0.11402656300615532,-0.45999999999999996,1.34,-0.7140265630061553,-0.32,0.04,-0.6,-0.32,1,lower,90.0,2,walk_to_fastener,ready,0,0.0,0.0,2,0,1,5.5667,167,AgiBot Genie G2 (official USD)
513,17.1,nailing,-0.1,0.28,1.45,-0.06647230320699549,-0.62,1.59,-0.06647230320699549,-0.45999999999999996,1.34,-0.6664723032069955,-0.32,0.04,-0.6,-0.32,1,lower,90.0,2,walk_to_fastener,ready,0,0.0,0.0,2,0,1,5.6,168,AgiBot Genie G2 (official USD)
514,17.1333,nailing,-0.1,0.28,1.45,-0.030579850988014745,-0.62,1.59,-0.030579850988014745,-0.45999999999999996,1.34,-0.6305798509880147,-0.32,0.04,-0.6,-0.32,1,lower,90.0,2,walk_to_fastener,ready,0,0.0,0.0,2,0,1,5.6333,169,AgiBot Genie G2 (official USD)
515,17.1667,nailing,-0.1,0.28,1.45,-0.007904114026562437,-0.62,1.59,-0.007904114026562437,-0.45999999999999996,1.34,-0.6079041140265624,-0.32,0.04,-0.6,-0.32,1,lower,90.0,2,walk_to_fastener,ready,0,0.0,0.0,2,0,1,5.6667,170,AgiBot Genie G2 (official USD)
516,17.2,nailing,-0.1,0.28,1.45,-1.1102230246251565e-16,-0.62,1.59,-1.1102230246251565e-16,-0.45999999999999996,1.34,-0.6000000000000001,-0.32,0.04,-0.6,-0.32,1,lower,90.0,2,walk_to_fastener,ready,0,0.0,0.0,2,0,1,5.7,171,AgiBot Genie G2 (official USD)
517,17.2333,nailing,-0.1,0.28,1.45,0.0,-0.62,1.59,0.0,-0.45999999999999996,1.34,-0.6,-0.32,0.04,-0.6,-0.32,1,lower,90.0,2,align_tool,ready,0,0.0,0.0,2,0,1,5.7333,172,AgiBot Genie G2 (official USD)
518,17.2667,nailing,-0.1,0.28,1.45,0.0,-0.62,1.59,0.0,-0.45999999999999996,1.34,-0.6,-0.32,0.04,-0.6,-0.32,1,lower,90.0,2,align_tool,ready,0,0.0,0.0,2,0,1,5.7667,173,AgiBot Genie G2 (official USD)
519,17.3,nailing,-0.1,0.28,1.45,0.0,-0.62,1.59,0.0,-0.45999999999999996,1.34,-0.6,-0.32,0.04,-0.6,-0.32,1,lower,90.0,2,align_tool,ready,0,0.0,0.0,2,0,1,5.8,174,AgiBot Genie G2 (official USD)
520,17.3333,nailing,-0.1,0.28,1.45,0.0,-0.62,1.59,0.0,-0.45999999999999996,1.34,-0.6,-0.32,0.04,-0.6,-0.32,1,lower,90.0,2,align_tool,ready,0,0.0,0.0,2,0,1,5.8333,175,AgiBot Genie G2 (official USD)
521,17.3667,nailing,-0.1,0.28,1.45,0.0,-0.62,1.59,0.0,-0.45999999999999996,1.34,-0.6,-0.32,0.04,-0.6,-0.32,1,lower,90.0,2,align_tool,ready,0,0.0,0.0,2,0,1,5.8667,176,AgiBot Genie G2 (official USD)
522,17.4,nailing,-0.1,0.28,1.45,0.0,-0.62,1.59,0.0,-0.45999999999999996,1.34,-0.6,-0.32,0.04,-0.6,-0.32,1,lower,90.0,2,align_tool,ready,0,0.0,0.0,2,0,1,5.9,177,AgiBot Genie G2 (official USD)
523,17.4333,nailing,-0.1,0.28,1.45,0.0,-0.62,1.59,0.0,-0.45999999999999996,1.34,-0.6,-0.32,0.04,-0.6,-0.32,1,lower,90.0,2,align_tool,ready,0,0.0,0.0,2,0,1,5.9333,178,AgiBot Genie G2 (official USD)
524,17.4667,nailing,-0.1,0.28,1.45,0.0,-0.6182846793552815,1.5895683299039782,0.0,-0.4582846793552815,1.3395683299039782,-0.6,-0.32,0.04,-0.6,-0.32,1,lower,90.0,2,move_to_fastener,working_2,0,0.0,0.25,2,0,1,5.9667,179,AgiBot Genie G2 (official USD)
525,17.5,nailing,-0.1,0.28,1.45,0.0,-0.6051446759259259,1.5862615740740742,0.0,-0.4451446759259259,1.3362615740740742,-0.6,-0.32,0.04,-0.6,-0.32,1,lower,90.0,2,move_to_fastener,working_2,0,0.0,0.25,2,0,1,6.0,180,AgiBot Genie G2 (official USD)
526,17.5333,nailing,-0.1,0.28,1.45,0.0,-0.5803534379286679,1.5800227194787377,0.0,-0.42035343792866786,1.3300227194787377,-0.6,-0.32,0.04,-0.6,-0.32,1,lower,90.0,2,move_to_fastener,working_2,0,0.0,0.25,2,0,1,6.0333,181,AgiBot Genie G2 (official USD)
527,17.5667,nailing,-0.1,0.28,1.45,0.0,-0.5454644633058987,1.5712427126200275,0.0,-0.3854644633058987,1.3212427126200275,-0.6,-0.32,0.04,-0.6,-0.32,1,lower,90.0,2,move_to_fastener,working_2,0,0.0,0.25,2,0,1,6.0667,182,AgiBot Genie G2 (official USD)
528,17.6,nailing,-0.1,0.28,1.45,0.0,-0.502031249999998,1.5603124999999995,0.0,-0.342031249999998,1.3103124999999995,-0.6,-0.32,0.04,-0.6,-0.32,1,lower,90.0,2,move_to_fastener,working_2,0,0.0,0.25,2,0,1,6.1,183,AgiBot Genie G2 (official USD)
529,17.6333,nailing,-0.1,0.28,1.45,0.0,-0.4516072959533615,1.5476230281207135,0.0,-0.29160729595336154,1.2976230281207135,-0.6,-0.32,0.04,-0.6,-0.32,1,lower,90.0,2,move_to_fastener,working_2,0,0.0,0.25,2,0,1,6.1333,184,AgiBot Genie G2 (official USD)
530,17.6667,nailing,-0.1,0.28,1.45,0.0,-0.39574609910836567,1.5335652434842244,0.0,-0.23574609910836566,1.2835652434842244,-0.6,-0.32,0.04,-0.6,-0.32,1,lower,90.0,2,move_to_fastener,working_2,0,0.0,0.25,2,0,1,6.1667,185,AgiBot Genie G2 (official USD)
531,17.7,nailing,-0.1,0.28,1.45,0.0,-0.3360011574074088,1.5185300925925929,0.0,-0.17600115740740882,1.2685300925925929,-0.6,-0.32,0.04,-0.6,-0.32,1,lower,90.0,2,move_to_fastener,working_2,0,0.0,0.25,2,0,1,6.2,186,AgiBot Genie G2 (official USD)
532,17.7333,nailing,-0.1,0.28,1.45,0.0,-0.273925968792865,1.5029085219478733,0.0,-0.11392596879286501,1.2529085219478733,-0.6,-0.32,0.04,-0.6,-0.32,1,lower,90.0,2,move_to_fastener,working_2,0,0.0,0.25,2,0,1,6.2333,187,AgiBot Genie G2 (official USD)
533,17.7667,nailing,-0.1,0.28,1.45,0.0,-0.21107403120713492,1.4870914780521267,0.0,-0.05107403120713491,1.2370914780521267,-0.6,-0.32,0.04,-0.6,-0.32,1,lower,90.0,2,move_to_fastener,working_2,0,0.0,0.25,2,0,1,6.2667,188,AgiBot Genie G2 (official USD)
534,17.8,nailing,-0.1,0.28,1.45,0.0,-0.14899884259259144,1.4714699074074071,0.0,0.011001157407408563,1.2214699074074071,-0.6,-0.32,0.04,-0.6,-0.32,1,lower,90.0,2,move_to_fastener,working_2,0,0.0,0.25,2,0,1,6.3,189,AgiBot Genie G2 (official USD)
535,17.8333,nailing,-0.1,0.28,1.45,0.0,-0.08925390089163432,1.4564347565157756,0.0,0.07074609910836568,1.2064347565157756,-0.6,-0.32,0.04,-0.6,-0.32,1,lower,90.0,2,move_to_fastener,working_2,0,0.0,0.25,2,0,1,6.3333,190,AgiBot Genie G2 (official USD)
536,17.8667,nailing,-0.1,0.28,1.45,0.0,-0.03339270404663852,1.4423769718792865,0.0,0.12660729595336148,1.1923769718792865,-0.6,-0.32,0.04,-0.6,-0.32,1,lower,90.0,2,move_to_fastener,working_2,0,0.0,0.25,2,0,1,6.3667,191,AgiBot Genie G2 (official USD)
537,17.9,nailing,-0.1,0.28,1.45,0.0,0.017031249999997944,1.4296875000000004,0.0,0.17703124999999795,1.1796875000000004,-0.6,-0.32,0.04,-0.6,-0.32,1,lower,90.0,2,move_to_fastener,working_2,0,0.0,0.25,2,0,1,6.4,192,AgiBot Genie G2 (official USD)
538,17.9333,nailing,-0.1,0.28,1.45,0.0,0.06046446330589894,1.4187572873799723,0.0,0.22046446330589894,1.1687572873799723,-0.6,-0.32,0.04,-0.6,-0.32,1,lower,90.0,2,move_to_fastener,working_2,0,0.0,0.25,2,0,1,6.4333,193,AgiBot Genie G2 (official USD)
539,17.9667,nailing,-0.1,0.28,1.45,0.0,0.09535343792866802,1.4099772805212623,0.0,0.25535343792866805,1.1599772805212623,-0.6,-0.32,0.04,-0.6,-0.32,1,lower,90.0,2,move_to_fastener,working_2,0,0.0,0.25,2,0,1,6.4667,194,AgiBot Genie G2 (official USD)
540,18.0,nailing,-0.1,0.28,1.45,0.0,0.12014467592592593,1.4037384259259258,0.0,0.28014467592592596,1.1537384259259258,-0.6,-0.32,0.04,-0.6,-0.32,1,lower,90.0,2,move_to_fastener,working_2,0,0.0,0.25,2,0,1,6.5,195,AgiBot Genie G2 (official USD)
541,18.0333,nailing,-0.1,0.28,1.45,0.0,0.13328467935528154,1.4004316700960218,0.0,0.2932846793552816,1.1504316700960218,-0.6,-0.32,0.04,-0.6,-0.32,1,lower,90.0,2,move_to_fastener,working_2,0,0.0,0.25,2,0,1,6.5333,196,AgiBot Genie G2 (official USD)
542,18.0667,nailing,-0.1,0.28,1.45,0.0,0.135,1.4,0.0,0.29500000000000004,1.15,-0.6,-0.32,0.04,-0.6,-0.32,1,lower,90.0,2,press_fastener,press_2,1,120.0,1.0,2,0,1,6.5667,197,AgiBot Genie G2 (official USD)
543,18.1,nailing,-0.1,0.28,1.45,0.0,0.135,1.4,0.0,0.29500000000000004,1.15,-0.6,-0.32,0.04,-0.6,-0.32,1,lower,90.0,2,press_fastener,press_2,1,120.0,1.0,2,0,1,6.6,198,AgiBot Genie G2 (official USD)
544,18.1333,nailing,-0.1,0.28,1.45,0.0,0.135,1.4,0.0,0.29500000000000004,1.15,-0.6,-0.32,0.04,-0.6,-0.32,1,lower,90.0,2,press_fastener,press_2,1,120.0,1.0,2,0,1,6.6333,199,AgiBot Genie G2 (official USD)
545,18.1667,nailing,-0.1,0.28,1.45,0.0,0.135,1.4,0.0,0.29500000000000004,1.15,-0.6,-0.32,0.04,-0.6,-0.32,1,lower,90.0,2,press_fastener,press_2,1,120.0,1.0,2,0,1,6.6667,200,AgiBot Genie G2 (official USD)
546,18.2,nailing,-0.1,0.28,1.45,0.0,0.135,1.4,0.0,0.29500000000000004,1.15,-0.6,-0.32,0.04,-0.6,-0.32,1,lower,90.0,2,press_fastener,press_2,1,120.0,1.0,2,0,1,6.7,201,AgiBot Genie G2 (official USD)
547,18.2333,nailing,-0.1,0.28,1.45,0.0,0.135,1.4,0.0,0.29500000000000004,1.15,-0.6,-0.32,0.04,-0.6,-0.32,1,lower,90.0,2,press_fastener,press_2,1,120.0,1.0,2,0,1,6.7333,202,AgiBot Genie G2 (official USD)
548,18.2667,nailing,-0.1,0.28,1.45,0.0,0.135,1.4,0.0,0.29500000000000004,1.15,-0.6,-0.32,0.04,-0.6,-0.32,1,lower,90.0,2,press_fastener,press_2,1,120.0,1.0,2,0,1,6.7667,203,AgiBot Genie G2 (official USD)
549,18.3,nailing,-0.1,0.28,1.45,0.0,0.135,1.4,0.0,0.29500000000000004,1.15,-0.6,-0.32,0.04,-0.6,-0.32,1,lower,90.0,2,hold_fastener,working_2,1,120.0,1.0,3,0,1,6.8,204,AgiBot Genie G2 (official USD)
550,18.3333,nailing,-0.1,0.28,1.45,0.0,0.135,1.4,0.0,0.29500000000000004,1.15,-0.6,-0.32,0.04,-0.6,-0.32,1,lower,90.0,2,hold_fastener,working_2,1,120.0,1.0,3,0,1,6.8333,205,AgiBot Genie G2 (official USD)
551,18.3667,nailing,-0.1,0.28,1.45,0.0,0.135,1.4,0.0,0.29500000000000004,1.15,-0.6,-0.32,0.04,-0.6,-0.32,1,lower,90.0,2,hold_fastener,working_2,1,120.0,1.0,3,0,1,6.8667,206,AgiBot Genie G2 (official USD)
552,18.4,nailing,-0.1,0.28,1.45,0.0,0.135,1.4,0.0,0.29500000000000004,1.15,-0.6,-0.32,0.04,-0.6,-0.32,1,lower,90.0,2,hold_fastener,working_2,1,120.0,1.0,3,0,1,6.9,207,AgiBot Genie G2 (official USD)
553,18.4333,nailing,-0.1,0.28,1.45,0.0,0.135,1.4,0.0,0.29500000000000004,1.15,-0.6,-0.32,0.04,-0.6,-0.32,1,lower,90.0,2,hold_fastener,working_2,1,120.0,1.0,3,0,1,6.9333,208,AgiBot Genie G2 (official USD)
554,18.4667,nailing,-0.1,0.28,1.45,0.0,0.135,1.4,0.0,0.29500000000000004,1.15,-0.6,-0.32,0.04,-0.6,-0.32,1,lower,90.0,2,hold_fastener,working_2,1,120.0,1.0,3,0,1,6.9667,209,AgiBot Genie G2 (official USD)
555,18.5,nailing,-0.1,0.28,1.45,0.0,0.135,1.4,0.0,0.29500000000000004,1.15,-0.6,-0.32,0.04,-0.6,-0.32,1,lower,90.0,2,hold_fastener,working_2,1,120.0,1.0,3,0,1,7.0,210,AgiBot Genie G2 (official USD)
556,18.5333,nailing,-0.1,0.28,1.45,0.0,0.135,1.4,0.0,0.29500000000000004,1.15,-0.6,-0.32,0.04,-0.6,-0.32,1,lower,90.0,2,hold_fastener,working_2,1,120.0,1.0,3,0,1,7.0333,211,AgiBot Genie G2 (official USD)
557,18.5667,nailing,-0.1,0.28,1.45,0.0,0.135,1.4,0.0,0.29500000000000004,1.15,-0.6,-0.32,0.04,-0.6,-0.32,1,lower,90.0,2,hold_fastener,working_2,1,120.0,1.0,3,0,1,7.0667,212,AgiBot Genie G2 (official USD)
558,18.6,nailing,-0.1,0.28,1.45,0.0,0.135,1.4,0.0,0.29500000000000004,1.15,-0.6,-0.32,0.04,-0.6,-0.32,1,lower,90.0,2,hold_fastener,working_2,1,120.0,1.0,3,0,1,7.1,213,AgiBot Genie G2 (official USD)
559,18.6333,nailing,-0.1,0.28,1.45,0.0,0.135,1.4,0.0,0.29500000000000004,1.15,-0.6,-0.32,0.04,-0.6,-0.32,1,lower,90.0,2,hold_fastener,working_2,1,120.0,1.0,3,0,1,7.1333,214,AgiBot Genie G2 (official USD)
560,18.6667,nailing,-0.1,0.28,1.45,0.0,0.135,1.4,0.0,0.29500000000000004,1.15,-0.6,-0.32,0.04,-0.6,-0.32,1,lower,90.0,2,hold_fastener,working_2,1,120.0,1.0,3,0,1,7.1667,215,AgiBot Genie G2 (official USD)
561,18.7,nailing,-0.1,0.28,1.45,0.0,0.135,1.4,0.0,0.29500000000000004,1.15,-0.6,-0.32,0.04,-0.6,-0.32,1,lower,90.0,2,hold_fastener,working_2,1,120.0,1.0,3,0,1,7.2,216,AgiBot Genie G2 (official USD)
562,18.7333,nailing,-0.1,0.28,1.45,0.0,0.135,1.4,0.0,0.29500000000000004,1.15,-0.6,-0.32,0.04,-0.6,-0.32,1,lower,90.0,2,hold_fastener,working_2,1,120.0,1.0,3,0,1,7.2333,217,AgiBot Genie G2 (official USD)
563,18.7667,nailing,-0.1,0.28,1.45,0.0,0.135,1.4,0.0,0.29500000000000004,1.15,-0.6,-0.32,0.04,-0.6,-0.32,1,lower,90.0,2,hold_fastener,working_2,1,120.0,1.0,3,0,1,7.2667,218,AgiBot Genie G2 (official USD)
564,18.8,nailing,-0.1,0.28,1.45,0.0,0.135,1.4,0.0,0.29500000000000004,1.15,-0.6,-0.32,0.04,-0.6,-0.32,1,lower,90.0,2,hold_fastener,working_2,1,120.0,1.0,3,0,1,7.3,219,AgiBot Genie G2 (official USD)
565,18.8333,nailing,-0.1,0.28,1.45,0.0,0.135,1.4,0.0,0.29500000000000004,1.15,-0.6,-0.32,0.04,-0.6,-0.32,1,lower,90.0,2,hold_fastener,working_2,1,120.0,1.0,3,0,1,7.3333,220,AgiBot Genie G2 (official USD)
566,18.8667,nailing,-0.1,0.28,1.45,0.0,0.135,1.4,0.0,0.29500000000000004,1.15,-0.6,-0.32,0.04,-0.6,-0.32,1,lower,90.0,2,hold_fastener,working_2,1,120.0,1.0,3,0,1,7.3667,221,AgiBot Genie G2 (official USD)
567,18.9,nailing,-0.1,0.28,1.45,0.0,0.135,1.4,0.0,0.29500000000000004,1.15,-0.6,-0.32,0.04,-0.6,-0.32,1,lower,90.0,2,hold_fastener,working_2,1,120.0,1.0,3,0,1,7.4,222,AgiBot Genie G2 (official USD)
568,18.9333,nailing,-0.1,0.28,1.45,0.0,0.135,1.4,0.0,0.29500000000000004,1.15,-0.6,-0.32,0.04,-0.6,-0.32,1,lower,90.0,2,hold_fastener,working_2,1,120.0,1.0,3,0,1,7.4333,223,AgiBot Genie G2 (official USD)
569,18.9667,nailing,-0.1,0.28,1.45,0.0,0.135,1.4,0.0,0.29500000000000004,1.15,-0.6,-0.32,0.04,-0.6,-0.32,1,lower,90.0,2,hold_fastener,working_2,1,120.0,1.0,3,0,1,7.4667,224,AgiBot Genie G2 (official USD)
570,19.0,nailing,-0.1,0.28,1.45,0.0,-0.62,1.59,0.0,-0.45999999999999996,1.34,-0.6,-0.32,0.04,-0.6,-0.32,1,upper,90.0,3,walk_to_fastener,ready,0,0.0,0.0,3,0,1,7.5,225,AgiBot Genie G2 (official USD)
571,19.0333,nailing,-0.1,0.28,1.45,0.0,-0.62,1.59,0.0,-0.45999999999999996,1.34,-0.6,-0.32,0.04,-0.6,-0.32,1,upper,90.0,3,walk_to_fastener,ready,0,0.0,0.0,3,0,1,7.5333,226,AgiBot Genie G2 (official USD)
572,19.0667,nailing,-0.1,0.28,1.45,0.0,-0.62,1.59,0.0,-0.45999999999999996,1.34,-0.6,-0.32,0.04,-0.6,-0.32,1,upper,90.0,3,walk_to_fastener,ready,0,0.0,0.0,3,0,1,7.5667,227,AgiBot Genie G2 (official USD)
573,19.1,nailing,-0.1,0.28,1.45,0.0,-0.62,1.59,0.0,-0.45999999999999996,1.34,-0.6,-0.32,0.04,-0.6,-0.32,1,upper,90.0,3,walk_to_fastener,ready,0,0.0,0.0,3,0,1,7.6,228,AgiBot Genie G2 (official USD)
574,19.1333,nailing,-0.1,0.28,1.45,0.0,-0.62,1.59,0.0,-0.45999999999999996,1.34,-0.6,-0.32,0.04,-0.6,-0.32,1,upper,90.0,3,walk_to_fastener,ready,0,0.0,0.0,3,0,1,7.6333,229,AgiBot Genie G2 (official USD)
575,19.1667,nailing,-0.1,0.28,1.45,0.0,-0.62,1.59,0.0,-0.45999999999999996,1.34,-0.6,-0.32,0.04,-0.6,-0.32,1,upper,90.0,3,walk_to_fastener,ready,0,0.0,0.0,3,0,1,7.6667,230,AgiBot Genie G2 (official USD)
576,19.2,nailing,-0.1,0.28,1.45,0.0,-0.62,1.59,0.0,-0.45999999999999996,1.34,-0.6,-0.32,0.04,-0.6,-0.32,1,upper,90.0,3,walk_to_fastener,ready,0,0.0,0.0,3,0,1,7.7,231,AgiBot Genie G2 (official USD)
577,19.2333,nailing,-0.1,0.28,1.45,0.0,-0.62,1.59,0.0,-0.45999999999999996,1.34,-0.6,-0.32,0.04,-0.6,-0.32,1,upper,90.0,3,walk_to_fastener,ready,0,0.0,0.0,3,0,1,7.7333,232,AgiBot Genie G2 (official USD)
578,19.2667,nailing,-0.1,0.28,1.45,0.0,-0.62,1.59,0.0,-0.45999999999999996,1.34,-0.6,-0.32,0.04,-0.6,-0.32,1,upper,90.0,3,walk_to_fastener,ready,0,0.0,0.0,3,0,1,7.7667,233,AgiBot Genie G2 (official USD)
579,19.3,nailing,-0.1,0.28,1.45,0.0,-0.62,1.59,0.0,-0.45999999999999996,1.34,-0.6,-0.32,0.04,-0.6,-0.32,1,upper,90.0,3,walk_to_fastener,ready,0,0.0,0.0,3,0,1,7.8,234,AgiBot Genie G2 (official USD)
580,19.3333,nailing,-0.1,0.28,1.45,0.0,-0.62,1.59,0.0,-0.45999999999999996,1.34,-0.6,-0.32,0.04,-0.6,-0.32,1,upper,90.0,3,walk_to_fastener,ready,0,0.0,0.0,3,0,1,7.8333,235,AgiBot Genie G2 (official USD)
581,19.3667,nailing,-0.1,0.28,1.45,0.0,-0.62,1.59,0.0,-0.45999999999999996,1.34,-0.6,-0.32,0.04,-0.6,-0.32,1,upper,90.0,3,walk_to_fastener,ready,0,0.0,0.0,3,0,1,7.8667,236,AgiBot Genie G2 (official USD)
582,19.4,nailing,-0.1,0.28,1.45,0.0,-0.62,1.59,0.0,-0.45999999999999996,1.34,-0.6,-0.32,0.04,-0.6,-0.32,1,upper,90.0,3,walk_to_fastener,ready,0,0.0,0.0,3,0,1,7.9,237,AgiBot Genie G2 (official USD)
583,19.4333,nailing,-0.1,0.28,1.45,0.0,-0.62,1.59,0.0,-0.45999999999999996,1.34,-0.6,-0.32,0.04,-0.6,-0.32,1,upper,90.0,3,walk_to_fastener,ready,0,0.0,0.0,3,0,1,7.9333,238,AgiBot Genie G2 (official USD)
584,19.4667,nailing,-0.1,0.28,1.45,0.0,-0.62,1.59,0.0,-0.45999999999999996,1.34,-0.6,-0.32,0.04,-0.6,-0.32,1,upper,90.0,3,walk_to_fastener,ready,0,0.0,0.0,3,0,1,7.9667,239,AgiBot Genie G2 (official USD)
585,19.5,nailing,-0.1,0.28,1.45,0.0,-0.62,1.59,0.0,-0.45999999999999996,1.34,-0.6,-0.32,0.04,-0.6,-0.32,1,upper,90.0,3,walk_to_fastener,ready,0,0.0,0.0,3,0,1,8.0,240,AgiBot Genie G2 (official USD)
586,19.5333,nailing,-0.1,0.28,1.45,0.0,-0.62,1.59,0.0,-0.45999999999999996,1.34,-0.6,-0.32,0.04,-0.6,-0.32,1,upper,90.0,3,walk_to_fastener,ready,0,0.0,0.0,3,0,1,8.0333,241,AgiBot Genie G2 (official USD)
587,19.5667,nailing,-0.1,0.28,1.45,0.0,-0.62,1.59,0.0,-0.45999999999999996,1.34,-0.6,-0.32,0.04,-0.6,-0.32,1,upper,90.0,3,walk_to_fastener,ready,0,0.0,0.0,3,0,1,8.0667,242,AgiBot Genie G2 (official USD)
588,19.6,nailing,-0.1,0.28,1.45,0.0,-0.62,1.59,0.0,-0.45999999999999996,1.34,-0.6,-0.32,0.04,-0.6,-0.32,1,upper,90.0,3,walk_to_fastener,ready,0,0.0,0.0,3,0,1,8.1,243,AgiBot Genie G2 (official USD)
589,19.6333,nailing,-0.1,0.28,1.45,0.0,-0.62,1.59,0.0,-0.45999999999999996,1.34,-0.6,-0.32,0.04,-0.6,-0.32,1,upper,90.0,3,walk_to_fastener,ready,0,0.0,0.0,3,0,1,8.1333,244,AgiBot Genie G2 (official USD)
590,19.6667,nailing,-0.1,0.28,1.45,0.0,-0.62,1.59,0.0,-0.45999999999999996,1.34,-0.6,-0.32,0.04,-0.6,-0.32,1,upper,90.0,3,walk_to_fastener,ready,0,0.0,0.0,3,0,1,8.1667,245,AgiBot Genie G2 (official USD)
591,19.7,nailing,-0.1,0.28,1.45,0.0,-0.62,1.59,0.0,-0.45999999999999996,1.34,-0.6,-0.32,0.04,-0.6,-0.32,1,upper,90.0,3,walk_to_fastener,ready,0,0.0,0.0,3,0,1,8.2,246,AgiBot Genie G2 (official USD)
592,19.7333,nailing,-0.1,0.28,1.45,0.0,-0.62,1.59,0.0,-0.45999999999999996,1.34,-0.6,-0.32,0.04,-0.6,-0.32,1,upper,90.0,3,align_tool,ready,0,0.0,0.0,3,0,1,8.2333,247,AgiBot Genie G2 (official USD)
593,19.7667,nailing,-0.1,0.28,1.45,0.0,-0.62,1.59,0.0,-0.45999999999999996,1.34,-0.6,-0.32,0.04,-0.6,-0.32,1,upper,90.0,3,align_tool,ready,0,0.0,0.0,3,0,1,8.2667,248,AgiBot Genie G2 (official USD)
594,19.8,nailing,-0.1,0.28,1.45,0.0,-0.62,1.59,0.0,-0.45999999999999996,1.34,-0.6,-0.32,0.04,-0.6,-0.32,1,upper,90.0,3,align_tool,ready,0,0.0,0.0,3,0,1,8.3,249,AgiBot Genie G2 (official USD)
595,19.8333,nailing,-0.1,0.28,1.45,0.0,-0.62,1.59,0.0,-0.45999999999999996,1.34,-0.6,-0.32,0.04,-0.6,-0.32,1,upper,90.0,3,align_tool,ready,0,0.0,0.0,3,0,1,8.3333,250,AgiBot Genie G2 (official USD)
596,19.8667,nailing,-0.1,0.28,1.45,0.0,-0.62,1.59,0.0,-0.45999999999999996,1.34,-0.6,-0.32,0.04,-0.6,-0.32,1,upper,90.0,3,align_tool,ready,0,0.0,0.0,3,0,1,8.3667,251,AgiBot Genie G2 (official USD)
597,19.9,nailing,-0.1,0.28,1.45,0.0,-0.62,1.59,0.0,-0.45999999999999996,1.34,-0.6,-0.32,0.04,-0.6,-0.32,1,upper,90.0,3,align_tool,ready,0,0.0,0.0,3,0,1,8.4,252,AgiBot Genie G2 (official USD)
598,19.9333,nailing,-0.1,0.28,1.45,0.0,-0.62,1.59,0.0,-0.45999999999999996,1.34,-0.6,-0.32,0.04,-0.6,-0.32,1,upper,90.0,3,align_tool,ready,0,0.0,0.0,3,0,1,8.4333,253,AgiBot Genie G2 (official USD)
599,19.9667,nailing,-0.1,0.28,1.45,0.0,-0.6182846793552815,1.5911586934156376,0.0,-0.4582846793552815,1.3411586934156376,-0.6,-0.32,0.04,-0.6,-0.32,1,upper,90.0,3,move_to_fastener,working_3,0,0.0,0.25,3,0,1,8.4667,254,AgiBot Genie G2 (official USD)
600,20.0,nailing,-0.1,0.28,1.45,0.0,-0.6051446759259259,1.6000347222222224,0.0,-0.4451446759259259,1.3500347222222224,-0.6,-0.32,0.04,-0.6,-0.32,1,upper,90.0,3,move_to_fastener,working_3,0,0.0,0.25,3,0,1,8.5,255,AgiBot Genie G2 (official USD)
601,20.0333,nailing,-0.1,0.28,1.45,0.0,-0.5803534379286679,1.616781121399178,0.0,-0.42035343792866786,1.366781121399178,-0.6,-0.32,0.04,-0.6,-0.32,1,upper,90.0,3,move_to_fastener,working_3,0,0.0,0.25,3,0,1,8.5333,256,AgiBot Genie G2 (official USD)
602,20.0667,nailing,-0.1,0.28,1.45,0.0,-0.5454644633058987,1.6403485082304525,0.0,-0.3854644633058987,1.3903485082304525,-0.6,-0.32,0.04,-0.6,-0.32,1,upper,90.0,3,move_to_fastener,working_3,0,0.0,0.25,3,0,1,8.5667,257,AgiBot Genie G2 (official USD)
603,20.1,nailing,-0.1,0.28,1.45,0.0,-0.502031249999998,1.6696875000000013,0.0,-0.342031249999998,1.4196875000000013,-0.6,-0.32,0.04,-0.6,-0.32,1,upper,90.0,3,move_to_fastener,working_3,0,0.0,0.25,3,0,1,8.6,258,AgiBot Genie G2 (official USD)
604,20.1333,nailing,-0.1,0.28,1.45,0.0,-0.4516072959533615,1.703748713991769,0.0,-0.29160729595336154,1.453748713991769,-0.6,-0.32,0.04,-0.6,-0.32,1,upper,90.0,3,move_to_fastener,working_3,0,0.0,0.25,3,0,1,8.6333,259,AgiBot Genie G2 (official USD)
605,20.1667,nailing,-0.1,0.28,1.45,0.0,-0.39574609910836567,1.7414827674897133,0.0,-0.23574609910836566,1.4914827674897133,-0.6,-0.32,0.04,-0.6,-0.32,1,upper,90.0,3,move_to_fastener,working_3,0,0.0,0.25,3,0,1,8.6667,260,AgiBot Genie G2 (official USD)
606,20.2,nailing,-0.1,0.28,1.45,0.0,-0.3360011574074088,1.7818402777777769,0.0,-0.17600115740740882,1.5318402777777769,-0.6,-0.32,0.04,-0.6,-0.32,1,upper,90.0,3,move_to_fastener,working_3,0,0.0,0.25,3,0,1,8.7,261,AgiBot Genie G2 (official USD)
607,20.2333,nailing,-0.1,0.28,1.45,0.0,-0.273925968792865,1.823771862139919,0.0,-0.11392596879286501,1.573771862139919,-0.6,-0.32,0.04,-0.6,-0.32,1,upper,90.0,3,move_to_fastener,working_3,0,0.0,0.25,3,0,1,8.7333,262,AgiBot Genie G2 (official USD)
608,20.2667,nailing,-0.1,0.28,1.45,0.0,-0.21107403120713492,1.8662281378600811,0.0,-0.05107403120713491,1.6162281378600811,-0.6,-0.32,0.04,-0.6,-0.32,1,upper,90.0,3,move_to_fastener,working_3,0,0.0,0.25,3,0,1,8.7667,263,AgiBot Genie G2 (official USD)
609,20.3,nailing,-0.1,0.28,1.45,0.0,-0.14899884259259144,1.908159722222223,0.0,0.011001157407408563,1.658159722222223,-0.6,-0.32,0.04,-0.6,-0.32,1,upper,90.0,3,move_to_fastener,working_3,0,0.0,0.25,3,0,1,8.8,264,AgiBot Genie G2 (official USD)
610,20.3333,nailing,-0.1,0.28,1.45,0.0,-0.08925390089163432,1.9485172325102869,0.0,0.07074609910836568,1.6985172325102869,-0.6,-0.32,0.04,-0.6,-0.32,1,upper,90.0,3,move_to_fastener,working_3,0,0.0,0.25,3,0,1,8.8333,265,AgiBot Genie G2 (official USD)
611,20.3667,nailing,-0.1,0.28,1.45,0.0,-0.03339270404663852,1.986251286008231,0.0,0.12660729595336148,1.736251286008231,-0.6,-0.32,0.04,-0.6,-0.32,1,upper,90.0,3,move_to_fastener,working_3,0,0.0,0.25,3,0,1,8.8667,266,AgiBot Genie G2 (official USD)
612,20.4,nailing,-0.1,0.28,1.45,0.0,0.017031249999997944,2.020312499999999,0.0,0.17703124999999795,1.7703124999999988,-0.6,-0.32,0.04,-0.6,-0.32,1,upper,90.0,3,move_to_fastener,working_3,0,0.0,0.25,3,0,1,8.9,267,AgiBot Genie G2 (official USD)
613,20.4333,nailing,-0.1,0.28,1.45,0.0,0.06046446330589894,2.0496514917695476,0.0,0.22046446330589894,1.7996514917695476,-0.6,-0.32,0.04,-0.6,-0.32,1,upper,90.0,3,move_to_fastener,working_3,0,0.0,0.25,3,0,1,8.9333,268,AgiBot Genie G2 (official USD)
614,20.4667,nailing,-0.1,0.28,1.45,0.0,0.09535343792866802,2.073218878600822,0.0,0.25535343792866805,1.823218878600822,-0.6,-0.32,0.04,-0.6,-0.32,1,upper,90.0,3,move_to_fastener,working_3,0,0.0,0.25,3,0,1,8.9667,269,AgiBot Genie G2 (official USD)
615,20.5,nailing,-0.1,0.28,1.45,0.0,0.12014467592592593,2.089965277777778,0.0,0.28014467592592596,1.839965277777778,-0.6,-0.32,0.04,-0.6,-0.32,1,upper,90.0,3,move_to_fastener,working_3,0,0.0,0.25,3,0,1,9.0,270,AgiBot Genie G2 (official USD)
616,20.5333,nailing,-0.1,0.28,1.45,0.0,0.13328467935528154,2.0988413065843625,0.0,0.2932846793552816,1.8488413065843625,-0.6,-0.32,0.04,-0.6,-0.32,1,upper,90.0,3,move_to_fastener,working_3,0,0.0,0.25,3,0,1,9.0333,271,AgiBot Genie G2 (official USD)
617,20.5667,nailing,-0.1,0.28,1.45,0.0,0.135,2.1,0.0,0.29500000000000004,1.85,-0.6,-0.32,0.04,-0.6,-0.32,1,upper,90.0,3,press_fastener,press_3,1,120.0,1.0,3,0,1,9.0667,272,AgiBot Genie G2 (official USD)
618,20.6,nailing,-0.1,0.28,1.45,0.0,0.135,2.1,0.0,0.29500000000000004,1.85,-0.6,-0.32,0.04,-0.6,-0.32,1,upper,90.0,3,press_fastener,press_3,1,120.0,1.0,3,0,1,9.1,273,AgiBot Genie G2 (official USD)
619,20.6333,nailing,-0.1,0.28,1.45,0.0,0.135,2.1,0.0,0.29500000000000004,1.85,-0.6,-0.32,0.04,-0.6,-0.32,1,upper,90.0,3,press_fastener,press_3,1,120.0,1.0,3,0,1,9.1333,274,AgiBot Genie G2 (official USD)
620,20.6667,nailing,-0.1,0.28,1.45,0.0,0.135,2.1,0.0,0.29500000000000004,1.85,-0.6,-0.32,0.04,-0.6,-0.32,1,upper,90.0,3,press_fastener,press_3,1,120.0,1.0,3,0,1,9.1667,275,AgiBot Genie G2 (official USD)
621,20.7,nailing,-0.1,0.28,1.45,0.0,0.135,2.1,0.0,0.29500000000000004,1.85,-0.6,-0.32,0.04,-0.6,-0.32,1,upper,90.0,3,press_fastener,press_3,1,120.0,1.0,3,0,1,9.2,276,AgiBot Genie G2 (official USD)
622,20.7333,nailing,-0.1,0.28,1.45,0.0,0.135,2.1,0.0,0.29500000000000004,1.85,-0.6,-0.32,0.04,-0.6,-0.32,1,upper,90.0,3,press_fastener,press_3,1,120.0,1.0,3,0,1,9.2333,277,AgiBot Genie G2 (official USD)
623,20.7667,nailing,-0.1,0.28,1.45,0.0,0.135,2.1,0.0,0.29500000000000004,1.85,-0.6,-0.32,0.04,-0.6,-0.32,1,upper,90.0,3,press_fastener,press_3,1,120.0,1.0,3,0,1,9.2667,278,AgiBot Genie G2 (official USD)
624,20.8,nailing,-0.1,0.28,1.45,0.0,0.135,2.1,0.0,0.29500000000000004,1.85,-0.6,-0.32,0.04,-0.6,-0.32,1,upper,90.0,3,hold_fastener,working_3,1,120.0,1.0,4,0,1,9.3,279,AgiBot Genie G2 (official USD)
625,20.8333,nailing,-0.1,0.28,1.45,0.0,0.135,2.1,0.0,0.29500000000000004,1.85,-0.6,-0.32,0.04,-0.6,-0.32,1,upper,90.0,3,hold_fastener,working_3,1,120.0,1.0,4,0,1,9.3333,280,AgiBot Genie G2 (official USD)
626,20.8667,nailing,-0.1,0.28,1.45,0.0,0.135,2.1,0.0,0.29500000000000004,1.85,-0.6,-0.32,0.04,-0.6,-0.32,1,upper,90.0,3,hold_fastener,working_3,1,120.0,1.0,4,0,1,9.3667,281,AgiBot Genie G2 (official USD)
627,20.9,nailing,-0.1,0.28,1.45,0.0,0.135,2.1,0.0,0.29500000000000004,1.85,-0.6,-0.32,0.04,-0.6,-0.32,1,upper,90.0,3,hold_fastener,working_3,1,120.0,1.0,4,0,1,9.4,282,AgiBot Genie G2 (official USD)
628,20.9333,nailing,-0.1,0.28,1.45,0.0,0.135,2.1,0.0,0.29500000000000004,1.85,-0.6,-0.32,0.04,-0.6,-0.32,1,upper,90.0,3,hold_fastener,working_3,1,120.0,1.0,4,0,1,9.4333,283,AgiBot Genie G2 (official USD)
629,20.9667,nailing,-0.1,0.28,1.45,0.0,0.135,2.1,0.0,0.29500000000000004,1.85,-0.6,-0.32,0.04,-0.6,-0.32,1,upper,90.0,3,hold_fastener,working_3,1,120.0,1.0,4,0,1,9.4667,284,AgiBot Genie G2 (official USD)
630,21.0,nailing,-0.1,0.28,1.45,0.0,0.135,2.1,0.0,0.29500000000000004,1.85,-0.6,-0.32,0.04,-0.6,-0.32,1,upper,90.0,3,hold_fastener,working_3,1,120.0,1.0,4,0,1,9.5,285,AgiBot Genie G2 (official USD)
631,21.0333,nailing,-0.1,0.28,1.45,0.0,0.135,2.1,0.0,0.29500000000000004,1.85,-0.6,-0.32,0.04,-0.6,-0.32,1,upper,90.0,3,hold_fastener,working_3,1,120.0,1.0,4,0,1,9.5333,286,AgiBot Genie G2 (official USD)
632,21.0667,nailing,-0.1,0.28,1.45,0.0,0.135,2.1,0.0,0.29500000000000004,1.85,-0.6,-0.32,0.04,-0.6,-0.32,1,upper,90.0,3,hold_fastener,working_3,1,120.0,1.0,4,0,1,9.5667,287,AgiBot Genie G2 (official USD)
633,21.1,nailing,-0.1,0.28,1.45,0.0,0.135,2.1,0.0,0.29500000000000004,1.85,-0.6,-0.32,0.04,-0.6,-0.32,1,upper,90.0,3,hold_fastener,working_3,1,120.0,1.0,4,0,1,9.6,288,AgiBot Genie G2 (official USD)
634,21.1333,nailing,-0.1,0.28,1.45,0.0,0.135,2.1,0.0,0.29500000000000004,1.85,-0.6,-0.32,0.04,-0.6,-0.32,1,upper,90.0,3,hold_fastener,working_3,1,120.0,1.0,4,0,1,9.6333,289,AgiBot Genie G2 (official USD)
635,21.1667,nailing,-0.1,0.28,1.45,0.0,0.135,2.1,0.0,0.29500000000000004,1.85,-0.6,-0.32,0.04,-0.6,-0.32,1,upper,90.0,3,hold_fastener,working_3,1,120.0,1.0,4,0,1,9.6667,290,AgiBot Genie G2 (official USD)
636,21.2,nailing,-0.1,0.28,1.45,0.0,0.135,2.1,0.0,0.29500000000000004,1.85,-0.6,-0.32,0.04,-0.6,-0.32,1,upper,90.0,3,hold_fastener,working_3,1,120.0,1.0,4,0,1,9.7,291,AgiBot Genie G2 (official USD)
637,21.2333,nailing,-0.1,0.28,1.45,0.0,0.135,2.1,0.0,0.29500000000000004,1.85,-0.6,-0.32,0.04,-0.6,-0.32,1,upper,90.0,3,hold_fastener,working_3,1,120.0,1.0,4,0,1,9.7333,292,AgiBot Genie G2 (official USD)
638,21.2667,nailing,-0.1,0.28,1.45,0.0,0.135,2.1,0.0,0.29500000000000004,1.85,-0.6,-0.32,0.04,-0.6,-0.32,1,upper,90.0,3,hold_fastener,working_3,1,120.0,1.0,4,0,1,9.7667,293,AgiBot Genie G2 (official USD)
639,21.3,nailing,-0.1,0.28,1.45,0.0,0.135,2.1,0.0,0.29500000000000004,1.85,-0.6,-0.32,0.04,-0.6,-0.32,1,upper,90.0,3,hold_fastener,working_3,1,120.0,1.0,4,0,1,9.8,294,AgiBot Genie G2 (official USD)
640,21.3333,nailing,-0.1,0.28,1.45,0.0,0.135,2.1,0.0,0.29500000000000004,1.85,-0.6,-0.32,0.04,-0.6,-0.32,1,upper,90.0,3,hold_fastener,working_3,1,120.0,1.0,4,0,1,9.8333,295,AgiBot Genie G2 (official USD)
641,21.3667,nailing,-0.1,0.28,1.45,0.0,0.135,2.1,0.0,0.29500000000000004,1.85,-0.6,-0.32,0.04,-0.6,-0.32,1,upper,90.0,3,hold_fastener,working_3,1,120.0,1.0,4,0,1,9.8667,296,AgiBot Genie G2 (official USD)
642,21.4,nailing,-0.1,0.28,1.45,0.0,0.135,2.1,0.0,0.29500000000000004,1.85,-0.6,-0.32,0.04,-0.6,-0.32,1,upper,90.0,3,hold_fastener,working_3,1,120.0,1.0,4,0,1,9.9,297,AgiBot Genie G2 (official USD)
643,21.4333,nailing,-0.1,0.28,1.45,0.0,0.135,2.1,0.0,0.29500000000000004,1.85,-0.6,-0.32,0.04,-0.6,-0.32,1,upper,90.0,3,hold_fastener,working_3,1,120.0,1.0,4,0,1,9.9333,298,AgiBot Genie G2 (official USD)
644,21.4667,nailing,-0.1,0.28,1.45,0.0,0.135,2.1,0.0,0.29500000000000004,1.85,-0.6,-0.32,0.04,-0.6,-0.32,1,upper,90.0,3,hold_fastener,working_3,1,120.0,1.0,4,0,1,9.9667,299,AgiBot Genie G2 (official USD)
645,21.5,nailing,-0.1,0.28,1.45,0.0,-0.62,1.59,0.0,-0.45999999999999996,1.34,-0.6,-0.32,0.04,0.6,-0.32,2,lower,90.0,4,walk_to_fastener,ready,0,0.0,0.0,4,0,1,10.0,300,AgiBot Genie G2 (official USD)
646,21.5333,nailing,-0.1,0.28,1.45,0.007904114026563769,-0.62,1.59,0.007904114026563769,-0.45999999999999996,1.34,-0.5920958859734362,-0.32,0.04,0.6,-0.32,2,lower,90.0,4,walk_to_fastener,ready,0,0.0,0.0,4,0,1,10.0333,301,AgiBot Genie G2 (official USD)
647,21.5667,nailing,-0.1,0.28,1.45,0.03057985098801408,-0.62,1.59,0.03057985098801408,-0.45999999999999996,1.34,-0.5694201490119859,-0.32,0.04,0.6,-0.32,2,lower,90.0,4,walk_to_fastener,ready,0,0.0,0.0,4,0,1,10.0667,302,AgiBot Genie G2 (official USD)
648,21.6,nailing,-0.1,0.28,1.45,0.06647230320699882,-0.62,1.59,0.06647230320699882,-0.45999999999999996,1.34,-0.5335276967930012,-0.32,0.04,0.6,-0.32,2,lower,90.0,4,walk_to_fastener,ready,0,0.0,0.0,4,0,1,10.1,303,AgiBot Genie G2 (official USD)
649,21.6333,nailing,-0.1,0.28,1.45,0.11402656300615405,-0.62,1.59,0.11402656300615405,-0.45999999999999996,1.34,-0.48597343699384593,-0.32,0.04,0.6,-0.32,2,lower,90.0,4,walk_to_fastener,ready,0,0.0,0.0,4,0,1,10.1333,304,AgiBot Genie G2 (official USD)
650,21.6667,nailing,-0.1,0.28,1.45,0.17168772270813304,-0.62,1.59,0.17168772270813304,-0.45999999999999996,1.34,-0.42831227729186694,-0.32,0.04,0.6,-0.32,2,lower,90.0,4,walk_to_fastener,ready,0,0.0,0.0,4,0,1,10.1667,305,AgiBot Genie G2 (official USD)
651,21.7,nailing,-0.1,0.28,1.45,0.23790087463556692,-0.62,1.59,0.23790087463556692,-0.45999999999999996,1.34,-0.36209912536443306,-0.32,0.04,0.6,-0.32,2,lower,90.0,4,walk_to_fastener,ready,0,0.0,0.0,4,0,1,10.2,306,AgiBot Genie G2 (official USD)
652,21.7333,nailing,-0.1,0.28,1.45,0.3111111111111132,-0.62,1.59,0.3111111111111132,-0.45999999999999996,1.34,-0.28888888888888675,-0.32,0.04,0.6,-0.32,2,lower,90.0,4,walk_to_fastener,ready,0,0.0,0.0,4,0,1,10.2333,307,AgiBot Genie G2 (official USD)
653,21.7667,nailing,-0.1,0.28,1.45,0.38976352445739954,-0.62,1.59,0.38976352445739954,-0.45999999999999996,1.34,-0.21023647554260044,-0.32,0.04,0.6,-0.32,2,lower,90.0,4,walk_to_fastener,ready,0,0.0,0.0,4,0,1,10.2667,308,AgiBot Genie G2 (official USD)
654,21.8,nailing,-0.1,0.28,1.45,0.4723032069970863,-0.62,1.59,0.4723032069970863,-0.45999999999999996,1.34,-0.1276967930029137,-0.32,0.04,0.6,-0.32,2,lower,90.0,4,walk_to_fastener,ready,0,0.0,0.0,4,0,1,10.3,309,AgiBot Genie G2 (official USD)
655,21.8333,nailing,-0.1,0.28,1.45,0.5571752510527989,-0.62,1.59,0.5571752510527989,-0.45999999999999996,1.34,-0.04282474894720112,-0.32,0.04,0.6,-0.32,2,lower,90.0,4,walk_to_fastener,ready,0,0.0,0.0,4,0,1,10.3333,310,AgiBot Genie G2 (official USD)
656,21.8667,nailing,-0.1,0.28,1.45,0.6428247489471991,-0.62,1.59,0.6428247489471991,-0.45999999999999996,1.34,0.04282474894719912,-0.32,0.04,0.6,-0.32,2,lower,90.0,4,walk_to_fastener,ready,0,0.0,0.0,4,0,1,10.3667,311,AgiBot Genie G2 (official USD)
657,21.9,nailing,-0.1,0.28,1.45,0.7276967930029116,-0.62,1.59,0.7276967930029116,-0.45999999999999996,1.34,0.1276967930029116,-0.32,0.04,0.6,-0.32,2,lower,90.0,4,walk_to_fastener,ready,0,0.0,0.0,4,0,1,10.4,312,AgiBot Genie G2 (official USD)
658,21.9333,nailing,-0.1,0.28,1.45,0.8102364755425984,-0.62,1.59,0.8102364755425984,-0.45999999999999996,1.34,0.2102364755425984,-0.32,0.04,0.6,-0.32,2,lower,90.0,4,walk_to_fastener,ready,0,0.0,0.0,4,0,1,10.4333,313,AgiBot Genie G2 (official USD)
659,21.9667,nailing,-0.1,0.28,1.45,0.8888888888888851,-0.62,1.59,0.8888888888888851,-0.45999999999999996,1.34,0.2888888888888851,-0.32,0.04,0.6,-0.32,2,lower,90.0,4,walk_to_fastener,ready,0,0.0,0.0,4,0,1,10.4667,314,AgiBot Genie G2 (official USD)
660,22.0,nailing,-0.1,0.28,1.45,0.9620991253644314,-0.62,1.59,0.9620991253644314,-0.45999999999999996,1.34,0.36209912536443145,-0.32,0.04,0.6,-0.32,2,lower,90.0,4,walk_to_fastener,ready,0,0.0,0.0,4,0,1,10.5,315,AgiBot Genie G2 (official USD)
661,22.0333,nailing,-0.1,0.28,1.45,1.028312277291872,-0.62,1.59,1.028312277291872,-0.45999999999999996,1.34,0.42831227729187205,-0.32,0.04,0.6,-0.32,2,lower,90.0,4,walk_to_fastener,ready,0,0.0,0.0,4,0,1,10.5333,316,AgiBot Genie G2 (official USD)
662,22.0667,nailing,-0.1,0.28,1.45,1.0859734369938447,-0.62,1.59,1.0859734369938447,-0.45999999999999996,1.34,0.48597343699384477,-0.32,0.04,0.6,-0.32,2,lower,90.0,4,walk_to_fastener,ready,0,0.0,0.0,4,0,1,10.5667,317,AgiBot Genie G2 (official USD)
663,22.1,nailing,-0.1,0.28,1.45,1.1335276967930046,-0.62,1.59,1.1335276967930046,-0.45999999999999996,1.34,0.5335276967930046,-0.32,0.04,0.6,-0.32,2,lower,90.0,4,walk_to_fastener,ready,0,0.0,0.0,4,0,1,10.6,318,AgiBot Genie G2 (official USD)
664,22.1333,nailing,-0.1,0.28,1.45,1.1694201490119853,-0.62,1.59,1.1694201490119853,-0.45999999999999996,1.34,0.5694201490119853,-0.32,0.04,0.6,-0.32,2,lower,90.0,4,walk_to_fastener,ready,0,0.0,0.0,4,0,1,10.6333,319,AgiBot Genie G2 (official USD)
665,22.1667,nailing,-0.1,0.28,1.45,1.1920958859734376,-0.62,1.59,1.1920958859734376,-0.45999999999999996,1.34,0.5920958859734377,-0.32,0.04,0.6,-0.32,2,lower,90.0,4,walk_to_fastener,ready,0,0.0,0.0,4,0,1,10.6667,320,AgiBot Genie G2 (official USD)
666,22.2,nailing,-0.1,0.28,1.45,1.2,-0.62,1.59,1.2,-0.45999999999999996,1.34,0.6,-0.32,0.04,0.6,-0.32,2,lower,90.0,4,walk_to_fastener,ready,0,0.0,0.0,4,0,1,10.7,321,AgiBot Genie G2 (official USD)
667,22.2333,nailing,-0.1,0.28,1.45,1.2,-0.62,1.59,1.2,-0.45999999999999996,1.34,0.6,-0.32,0.04,0.6,-0.32,2,lower,90.0,4,align_tool,ready,0,0.0,0.0,4,0,1,10.7333,322,AgiBot Genie G2 (official USD)
668,22.2667,nailing,-0.1,0.28,1.45,1.2,-0.62,1.59,1.2,-0.45999999999999996,1.34,0.6,-0.32,0.04,0.6,-0.32,2,lower,90.0,4,align_tool,ready,0,0.0,0.0,4,0,1,10.7667,323,AgiBot Genie G2 (official USD)
669,22.3,nailing,-0.1,0.28,1.45,1.2,-0.62,1.59,1.2,-0.45999999999999996,1.34,0.6,-0.32,0.04,0.6,-0.32,2,lower,90.0,4,align_tool,ready,0,0.0,0.0,4,0,1,10.8,324,AgiBot Genie G2 (official USD)
670,22.3333,nailing,-0.1,0.28,1.45,1.2,-0.62,1.59,1.2,-0.45999999999999996,1.34,0.6,-0.32,0.04,0.6,-0.32,2,lower,90.0,4,align_tool,ready,0,0.0,0.0,4,0,1,10.8333,325,AgiBot Genie G2 (official USD)
671,22.3667,nailing,-0.1,0.28,1.45,1.2,-0.62,1.59,1.2,-0.45999999999999996,1.34,0.6,-0.32,0.04,0.6,-0.32,2,lower,90.0,4,align_tool,ready,0,0.0,0.0,4,0,1,10.8667,326,AgiBot Genie G2 (official USD)
672,22.4,nailing,-0.1,0.28,1.45,1.2,-0.62,1.59,1.2,-0.45999999999999996,1.34,0.6,-0.32,0.04,0.6,-0.32,2,lower,90.0,4,align_tool,ready,0,0.0,0.0,4,0,1,10.9,327,AgiBot Genie G2 (official USD)
673,22.4333,nailing,-0.1,0.28,1.45,1.2,-0.62,1.59,1.2,-0.45999999999999996,1.34,0.6,-0.32,0.04,0.6,-0.32,2,lower,90.0,4,align_tool,ready,0,0.0,0.0,4,0,1,10.9333,328,AgiBot Genie G2 (official USD)
674,22.4667,nailing,-0.1,0.28,1.45,1.2,-0.6182846793552815,1.5895683299039782,1.2,-0.4582846793552815,1.3395683299039782,0.6,-0.32,0.04,0.6,-0.32,2,lower,90.0,4,move_to_fastener,working_4,0,0.0,0.25,4,0,1,10.9667,329,AgiBot Genie G2 (official USD)
675,22.5,nailing,-0.1,0.28,1.45,1.2,-0.6051446759259259,1.5862615740740742,1.2,-0.4451446759259259,1.3362615740740742,0.6,-0.32,0.04,0.6,-0.32,2,lower,90.0,4,move_to_fastener,working_4,0,0.0,0.25,4,0,1,11.0,330,AgiBot Genie G2 (official USD)
676,22.5333,nailing,-0.1,0.28,1.45,1.2,-0.5803534379286679,1.5800227194787377,1.2,-0.42035343792866786,1.3300227194787377,0.6,-0.32,0.04,0.6,-0.32,2,lower,90.0,4,move_to_fastener,working_4,0,0.0,0.25,4,0,1,11.0333,331,AgiBot Genie G2 (official USD)
677,22.5667,nailing,-0.1,0.28,1.45,1.2,-0.5454644633058987,1.5712427126200275,1.2,-0.3854644633058987,1.3212427126200275,0.6,-0.32,0.04,0.6,-0.32,2,lower,90.0,4,move_to_fastener,working_4,0,0.0,0.25,4,0,1,11.0667,332,AgiBot Genie G2 (official USD)
678,22.6,nailing,-0.1,0.28,1.45,1.2,-0.502031249999998,1.5603124999999995,1.2,-0.342031249999998,1.3103124999999995,0.6,-0.32,0.04,0.6,-0.32,2,lower,90.0,4,move_to_fastener,working_4,0,0.0,0.25,4,0,1,11.1,333,AgiBot Genie G2 (official USD)
679,22.6333,nailing,-0.1,0.28,1.45,1.2,-0.4516072959533615,1.5476230281207135,1.2,-0.29160729595336154,1.2976230281207135,0.6,-0.32,0.04,0.6,-0.32,2,lower,90.0,4,move_to_fastener,working_4,0,0.0,0.25,4,0,1,11.1333,334,AgiBot Genie G2 (official USD)
680,22.6667,nailing,-0.1,0.28,1.45,1.2,-0.39574609910836567,1.5335652434842244,1.2,-0.23574609910836566,1.2835652434842244,0.6,-0.32,0.04,0.6,-0.32,2,lower,90.0,4,move_to_fastener,working_4,0,0.0,0.25,4,0,1,11.1667,335,AgiBot Genie G2 (official USD)
681,22.7,nailing,-0.1,0.28,1.45,1.2,-0.3360011574074088,1.5185300925925929,1.2,-0.17600115740740882,1.2685300925925929,0.6,-0.32,0.04,0.6,-0.32,2,lower,90.0,4,move_to_fastener,working_4,0,0.0,0.25,4,0,1,11.2,336,AgiBot Genie G2 (official USD)
682,22.7333,nailing,-0.1,0.28,1.45,1.2,-0.273925968792865,1.5029085219478733,1.2,-0.11392596879286501,1.2529085219478733,0.6,-0.32,0.04,0.6,-0.32,2,lower,90.0,4,move_to_fastener,working_4,0,0.0,0.25,4,0,1,11.2333,337,AgiBot Genie G2 (official USD)
683,22.7667,nailing,-0.1,0.28,1.45,1.2,-0.21107403120713492,1.4870914780521267,1.2,-0.05107403120713491,1.2370914780521267,0.6,-0.32,0.04,0.6,-0.32,2,lower,90.0,4,move_to_fastener,working_4,0,0.0,0.25,4,0,1,11.2667,338,AgiBot Genie G2 (official USD)
684,22.8,nailing,-0.1,0.28,1.45,1.2,-0.14899884259259144,1.4714699074074071,1.2,0.011001157407408563,1.2214699074074071,0.6,-0.32,0.04,0.6,-0.32,2,lower,90.0,4,move_to_fastener,working_4,0,0.0,0.25,4,0,1,11.3,339,AgiBot Genie G2 (official USD)
685,22.8333,nailing,-0.1,0.28,1.45,1.2,-0.08925390089163432,1.4564347565157756,1.2,0.07074609910836568,1.2064347565157756,0.6,-0.32,0.04,0.6,-0.32,2,lower,90.0,4,move_to_fastener,working_4,0,0.0,0.25,4,0,1,11.3333,340,AgiBot Genie G2 (official USD)
686,22.8667,nailing,-0.1,0.28,1.45,1.2,-0.03339270404663852,1.4423769718792865,1.2,0.12660729595336148,1.1923769718792865,0.6,-0.32,0.04,0.6,-0.32,2,lower,90.0,4,move_to_fastener,working_4,0,0.0,0.25,4,0,1,11.3667,341,AgiBot Genie G2 (official USD)
687,22.9,nailing,-0.1,0.28,1.45,1.2,0.017031249999997944,1.4296875000000004,1.2,0.17703124999999795,1.1796875000000004,0.6,-0.32,0.04,0.6,-0.32,2,lower,90.0,4,move_to_fastener,working_4,0,0.0,0.25,4,0,1,11.4,342,AgiBot Genie G2 (official USD)
688,22.9333,nailing,-0.1,0.28,1.45,1.2,0.06046446330589894,1.4187572873799723,1.2,0.22046446330589894,1.1687572873799723,0.6,-0.32,0.04,0.6,-0.32,2,lower,90.0,4,move_to_fastener,working_4,0,0.0,0.25,4,0,1,11.4333,343,AgiBot Genie G2 (official USD)
689,22.9667,nailing,-0.1,0.28,1.45,1.2,0.09535343792866802,1.4099772805212623,1.2,0.25535343792866805,1.1599772805212623,0.6,-0.32,0.04,0.6,-0.32,2,lower,90.0,4,move_to_fastener,working_4,0,0.0,0.25,4,0,1,11.4667,344,AgiBot Genie G2 (official USD)
690,23.0,nailing,-0.1,0.28,1.45,1.2,0.12014467592592593,1.4037384259259258,1.2,0.28014467592592596,1.1537384259259258,0.6,-0.32,0.04,0.6,-0.32,2,lower,90.0,4,move_to_fastener,working_4,0,0.0,0.25,4,0,1,11.5,345,AgiBot Genie G2 (official USD)
691,23.0333,nailing,-0.1,0.28,1.45,1.2,0.13328467935528154,1.4004316700960218,1.2,0.2932846793552816,1.1504316700960218,0.6,-0.32,0.04,0.6,-0.32,2,lower,90.0,4,move_to_fastener,working_4,0,0.0,0.25,4,0,1,11.5333,346,AgiBot Genie G2 (official USD)
692,23.0667,nailing,-0.1,0.28,1.45,1.2,0.135,1.4,1.2,0.29500000000000004,1.15,0.6,-0.32,0.04,0.6,-0.32,2,lower,90.0,4,press_fastener,press_4,1,120.0,1.0,4,0,1,11.5667,347,AgiBot Genie G2 (official USD)
693,23.1,nailing,-0.1,0.28,1.45,1.2,0.135,1.4,1.2,0.29500000000000004,1.15,0.6,-0.32,0.04,0.6,-0.32,2,lower,90.0,4,press_fastener,press_4,1,120.0,1.0,4,0,1,11.6,348,AgiBot Genie G2 (official USD)
694,23.1333,nailing,-0.1,0.28,1.45,1.2,0.135,1.4,1.2,0.29500000000000004,1.15,0.6,-0.32,0.04,0.6,-0.32,2,lower,90.0,4,press_fastener,press_4,1,120.0,1.0,4,0,1,11.6333,349,AgiBot Genie G2 (official USD)
695,23.1667,nailing,-0.1,0.28,1.45,1.2,0.135,1.4,1.2,0.29500000000000004,1.15,0.6,-0.32,0.04,0.6,-0.32,2,lower,90.0,4,press_fastener,press_4,1,120.0,1.0,4,0,1,11.6667,350,AgiBot Genie G2 (official USD)
696,23.2,nailing,-0.1,0.28,1.45,1.2,0.135,1.4,1.2,0.29500000000000004,1.15,0.6,-0.32,0.04,0.6,-0.32,2,lower,90.0,4,press_fastener,press_4,1,120.0,1.0,4,0,1,11.7,351,AgiBot Genie G2 (official USD)
697,23.2333,nailing,-0.1,0.28,1.45,1.2,0.135,1.4,1.2,0.29500000000000004,1.15,0.6,-0.32,0.04,0.6,-0.32,2,lower,90.0,4,press_fastener,press_4,1,120.0,1.0,4,0,1,11.7333,352,AgiBot Genie G2 (official USD)
698,23.2667,nailing,-0.1,0.28,1.45,1.2,0.135,1.4,1.2,0.29500000000000004,1.15,0.6,-0.32,0.04,0.6,-0.32,2,lower,90.0,4,press_fastener,press_4,1,120.0,1.0,4,0,1,11.7667,353,AgiBot Genie G2 (official USD)
699,23.3,nailing,-0.1,0.28,1.45,1.2,0.135,1.4,1.2,0.29500000000000004,1.15,0.6,-0.32,0.04,0.6,-0.32,2,lower,90.0,4,hold_fastener,working_4,1,120.0,1.0,5,0,1,11.8,354,AgiBot Genie G2 (official USD)
700,23.3333,nailing,-0.1,0.28,1.45,1.2,0.135,1.4,1.2,0.29500000000000004,1.15,0.6,-0.32,0.04,0.6,-0.32,2,lower,90.0,4,hold_fastener,working_4,1,120.0,1.0,5,0,1,11.8333,355,AgiBot Genie G2 (official USD)
701,23.3667,nailing,-0.1,0.28,1.45,1.2,0.135,1.4,1.2,0.29500000000000004,1.15,0.6,-0.32,0.04,0.6,-0.32,2,lower,90.0,4,hold_fastener,working_4,1,120.0,1.0,5,0,1,11.8667,356,AgiBot Genie G2 (official USD)
702,23.4,nailing,-0.1,0.28,1.45,1.2,0.135,1.4,1.2,0.29500000000000004,1.15,0.6,-0.32,0.04,0.6,-0.32,2,lower,90.0,4,hold_fastener,working_4,1,120.0,1.0,5,0,1,11.9,357,AgiBot Genie G2 (official USD)
703,23.4333,nailing,-0.1,0.28,1.45,1.2,0.135,1.4,1.2,0.29500000000000004,1.15,0.6,-0.32,0.04,0.6,-0.32,2,lower,90.0,4,hold_fastener,working_4,1,120.0,1.0,5,0,1,11.9333,358,AgiBot Genie G2 (official USD)
704,23.4667,nailing,-0.1,0.28,1.45,1.2,0.135,1.4,1.2,0.29500000000000004,1.15,0.6,-0.32,0.04,0.6,-0.32,2,lower,90.0,4,hold_fastener,working_4,1,120.0,1.0,5,0,1,11.9667,359,AgiBot Genie G2 (official USD)
705,23.5,nailing,-0.1,0.28,1.45,1.2,0.135,1.4,1.2,0.29500000000000004,1.15,0.6,-0.32,0.04,0.6,-0.32,2,lower,90.0,4,hold_fastener,working_4,1,120.0,1.0,5,0,1,12.0,360,AgiBot Genie G2 (official USD)
706,23.5333,nailing,-0.1,0.28,1.45,1.2,0.135,1.4,1.2,0.29500000000000004,1.15,0.6,-0.32,0.04,0.6,-0.32,2,lower,90.0,4,hold_fastener,working_4,1,120.0,1.0,5,0,1,12.0333,361,AgiBot Genie G2 (official USD)
707,23.5667,nailing,-0.1,0.28,1.45,1.2,0.135,1.4,1.2,0.29500000000000004,1.15,0.6,-0.32,0.04,0.6,-0.32,2,lower,90.0,4,hold_fastener,working_4,1,120.0,1.0,5,0,1,12.0667,362,AgiBot Genie G2 (official USD)
708,23.6,nailing,-0.1,0.28,1.45,1.2,0.135,1.4,1.2,0.29500000000000004,1.15,0.6,-0.32,0.04,0.6,-0.32,2,lower,90.0,4,hold_fastener,working_4,1,120.0,1.0,5,0,1,12.1,363,AgiBot Genie G2 (official USD)
709,23.6333,nailing,-0.1,0.28,1.45,1.2,0.135,1.4,1.2,0.29500000000000004,1.15,0.6,-0.32,0.04,0.6,-0.32,2,lower,90.0,4,hold_fastener,working_4,1,120.0,1.0,5,0,1,12.1333,364,AgiBot Genie G2 (official USD)
710,23.6667,nailing,-0.1,0.28,1.45,1.2,0.135,1.4,1.2,0.29500000000000004,1.15,0.6,-0.32,0.04,0.6,-0.32,2,lower,90.0,4,hold_fastener,working_4,1,120.0,1.0,5,0,1,12.1667,365,AgiBot Genie G2 (official USD)
711,23.7,nailing,-0.1,0.28,1.45,1.2,0.135,1.4,1.2,0.29500000000000004,1.15,0.6,-0.32,0.04,0.6,-0.32,2,lower,90.0,4,hold_fastener,working_4,1,120.0,1.0,5,0,1,12.2,366,AgiBot Genie G2 (official USD)
712,23.7333,nailing,-0.1,0.28,1.45,1.2,0.135,1.4,1.2,0.29500000000000004,1.15,0.6,-0.32,0.04,0.6,-0.32,2,lower,90.0,4,hold_fastener,working_4,1,120.0,1.0,5,0,1,12.2333,367,AgiBot Genie G2 (official USD)
713,23.7667,nailing,-0.1,0.28,1.45,1.2,0.135,1.4,1.2,0.29500000000000004,1.15,0.6,-0.32,0.04,0.6,-0.32,2,lower,90.0,4,hold_fastener,working_4,1,120.0,1.0,5,0,1,12.2667,368,AgiBot Genie G2 (official USD)
714,23.8,nailing,-0.1,0.28,1.45,1.2,0.135,1.4,1.2,0.29500000000000004,1.15,0.6,-0.32,0.04,0.6,-0.32,2,lower,90.0,4,hold_fastener,working_4,1,120.0,1.0,5,0,1,12.3,369,AgiBot Genie G2 (official USD)
715,23.8333,nailing,-0.1,0.28,1.45,1.2,0.135,1.4,1.2,0.29500000000000004,1.15,0.6,-0.32,0.04,0.6,-0.32,2,lower,90.0,4,hold_fastener,working_4,1,120.0,1.0,5,0,1,12.3333,370,AgiBot Genie G2 (official USD)
716,23.8667,nailing,-0.1,0.28,1.45,1.2,0.135,1.4,1.2,0.29500000000000004,1.15,0.6,-0.32,0.04,0.6,-0.32,2,lower,90.0,4,hold_fastener,working_4,1,120.0,1.0,5,0,1,12.3667,371,AgiBot Genie G2 (official USD)
717,23.9,nailing,-0.1,0.28,1.45,1.2,0.135,1.4,1.2,0.29500000000000004,1.15,0.6,-0.32,0.04,0.6,-0.32,2,lower,90.0,4,hold_fastener,working_4,1,120.0,1.0,5,0,1,12.4,372,AgiBot Genie G2 (official USD)
718,23.9333,nailing,-0.1,0.28,1.45,1.2,0.135,1.4,1.2,0.29500000000000004,1.15,0.6,-0.32,0.04,0.6,-0.32,2,lower,90.0,4,hold_fastener,working_4,1,120.0,1.0,5,0,1,12.4333,373,AgiBot Genie G2 (official USD)
719,23.9667,nailing,-0.1,0.28,1.45,1.2,0.135,1.4,1.2,0.29500000000000004,1.15,0.6,-0.32,0.04,0.6,-0.32,2,lower,90.0,4,hold_fastener,working_4,1,120.0,1.0,5,0,1,12.4667,374,AgiBot Genie G2 (official USD)
720,24.0,nailing,-0.1,0.28,1.45,1.2,-0.62,1.59,1.2,-0.45999999999999996,1.34,0.6,-0.32,0.04,0.6,-0.32,2,upper,90.0,5,walk_to_fastener,ready,0,0.0,0.0,5,0,1,12.5,375,AgiBot Genie G2 (official USD)
721,24.0333,nailing,-0.1,0.28,1.45,1.2,-0.62,1.59,1.2,-0.45999999999999996,1.34,0.6,-0.32,0.04,0.6,-0.32,2,upper,90.0,5,walk_to_fastener,ready,0,0.0,0.0,5,0,1,12.5333,376,AgiBot Genie G2 (official USD)
722,24.0667,nailing,-0.1,0.28,1.45,1.2,-0.62,1.59,1.2,-0.45999999999999996,1.34,0.6,-0.32,0.04,0.6,-0.32,2,upper,90.0,5,walk_to_fastener,ready,0,0.0,0.0,5,0,1,12.5667,377,AgiBot Genie G2 (official USD)
723,24.1,nailing,-0.1,0.28,1.45,1.2,-0.62,1.59,1.2,-0.45999999999999996,1.34,0.6,-0.32,0.04,0.6,-0.32,2,upper,90.0,5,walk_to_fastener,ready,0,0.0,0.0,5,0,1,12.6,378,AgiBot Genie G2 (official USD)
724,24.1333,nailing,-0.1,0.28,1.45,1.2,-0.62,1.59,1.2,-0.45999999999999996,1.34,0.6,-0.32,0.04,0.6,-0.32,2,upper,90.0,5,walk_to_fastener,ready,0,0.0,0.0,5,0,1,12.6333,379,AgiBot Genie G2 (official USD)
725,24.1667,nailing,-0.1,0.28,1.45,1.2,-0.62,1.59,1.2,-0.45999999999999996,1.34,0.6,-0.32,0.04,0.6,-0.32,2,upper,90.0,5,walk_to_fastener,ready,0,0.0,0.0,5,0,1,12.6667,380,AgiBot Genie G2 (official USD)
726,24.2,nailing,-0.1,0.28,1.45,1.2,-0.62,1.59,1.2,-0.45999999999999996,1.34,0.6,-0.32,0.04,0.6,-0.32,2,upper,90.0,5,walk_to_fastener,ready,0,0.0,0.0,5,0,1,12.7,381,AgiBot Genie G2 (official USD)
727,24.2333,nailing,-0.1,0.28,1.45,1.2,-0.62,1.59,1.2,-0.45999999999999996,1.34,0.6,-0.32,0.04,0.6,-0.32,2,upper,90.0,5,walk_to_fastener,ready,0,0.0,0.0,5,0,1,12.7333,382,AgiBot Genie G2 (official USD)
728,24.2667,nailing,-0.1,0.28,1.45,1.2,-0.62,1.59,1.2,-0.45999999999999996,1.34,0.6,-0.32,0.04,0.6,-0.32,2,upper,90.0,5,walk_to_fastener,ready,0,0.0,0.0,5,0,1,12.7667,383,AgiBot Genie G2 (official USD)
729,24.3,nailing,-0.1,0.28,1.45,1.2,-0.62,1.59,1.2,-0.45999999999999996,1.34,0.6,-0.32,0.04,0.6,-0.32,2,upper,90.0,5,walk_to_fastener,ready,0,0.0,0.0,5,0,1,12.8,384,AgiBot Genie G2 (official USD)
730,24.3333,nailing,-0.1,0.28,1.45,1.2,-0.62,1.59,1.2,-0.45999999999999996,1.34,0.6,-0.32,0.04,0.6,-0.32,2,upper,90.0,5,walk_to_fastener,ready,0,0.0,0.0,5,0,1,12.8333,385,AgiBot Genie G2 (official USD)
731,24.3667,nailing,-0.1,0.28,1.45,1.2,-0.62,1.59,1.2,-0.45999999999999996,1.34,0.6,-0.32,0.04,0.6,-0.32,2,upper,90.0,5,walk_to_fastener,ready,0,0.0,0.0,5,0,1,12.8667,386,AgiBot Genie G2 (official USD)
732,24.4,nailing,-0.1,0.28,1.45,1.2,-0.62,1.59,1.2,-0.45999999999999996,1.34,0.6,-0.32,0.04,0.6,-0.32,2,upper,90.0,5,walk_to_fastener,ready,0,0.0,0.0,5,0,1,12.9,387,AgiBot Genie G2 (official USD)
733,24.4333,nailing,-0.1,0.28,1.45,1.2,-0.62,1.59,1.2,-0.45999999999999996,1.34,0.6,-0.32,0.04,0.6,-0.32,2,upper,90.0,5,walk_to_fastener,ready,0,0.0,0.0,5,0,1,12.9333,388,AgiBot Genie G2 (official USD)
734,24.4667,nailing,-0.1,0.28,1.45,1.2,-0.62,1.59,1.2,-0.45999999999999996,1.34,0.6,-0.32,0.04,0.6,-0.32,2,upper,90.0,5,walk_to_fastener,ready,0,0.0,0.0,5,0,1,12.9667,389,AgiBot Genie G2 (official USD)
735,24.5,nailing,-0.1,0.28,1.45,1.2,-0.62,1.59,1.2,-0.45999999999999996,1.34,0.6,-0.32,0.04,0.6,-0.32,2,upper,90.0,5,walk_to_fastener,ready,0,0.0,0.0,5,0,1,13.0,390,AgiBot Genie G2 (official USD)
736,24.5333,nailing,-0.1,0.28,1.45,1.2,-0.62,1.59,1.2,-0.45999999999999996,1.34,0.6,-0.32,0.04,0.6,-0.32,2,upper,90.0,5,walk_to_fastener,ready,0,0.0,0.0,5,0,1,13.0333,391,AgiBot Genie G2 (official USD)
737,24.5667,nailing,-0.1,0.28,1.45,1.2,-0.62,1.59,1.2,-0.45999999999999996,1.34,0.6,-0.32,0.04,0.6,-0.32,2,upper,90.0,5,walk_to_fastener,ready,0,0.0,0.0,5,0,1,13.0667,392,AgiBot Genie G2 (official USD)
738,24.6,nailing,-0.1,0.28,1.45,1.2,-0.62,1.59,1.2,-0.45999999999999996,1.34,0.6,-0.32,0.04,0.6,-0.32,2,upper,90.0,5,walk_to_fastener,ready,0,0.0,0.0,5,0,1,13.1,393,AgiBot Genie G2 (official USD)
739,24.6333,nailing,-0.1,0.28,1.45,1.2,-0.62,1.59,1.2,-0.45999999999999996,1.34,0.6,-0.32,0.04,0.6,-0.32,2,upper,90.0,5,walk_to_fastener,ready,0,0.0,0.0,5,0,1,13.1333,394,AgiBot Genie G2 (official USD)
740,24.6667,nailing,-0.1,0.28,1.45,1.2,-0.62,1.59,1.2,-0.45999999999999996,1.34,0.6,-0.32,0.04,0.6,-0.32,2,upper,90.0,5,walk_to_fastener,ready,0,0.0,0.0,5,0,1,13.1667,395,AgiBot Genie G2 (official USD)
741,24.7,nailing,-0.1,0.28,1.45,1.2,-0.62,1.59,1.2,-0.45999999999999996,1.34,0.6,-0.32,0.04,0.6,-0.32,2,upper,90.0,5,walk_to_fastener,ready,0,0.0,0.0,5,0,1,13.2,396,AgiBot Genie G2 (official USD)
742,24.7333,nailing,-0.1,0.28,1.45,1.2,-0.62,1.59,1.2,-0.45999999999999996,1.34,0.6,-0.32,0.04,0.6,-0.32,2,upper,90.0,5,align_tool,ready,0,0.0,0.0,5,0,1,13.2333,397,AgiBot Genie G2 (official USD)
743,24.7667,nailing,-0.1,0.28,1.45,1.2,-0.62,1.59,1.2,-0.45999999999999996,1.34,0.6,-0.32,0.04,0.6,-0.32,2,upper,90.0,5,align_tool,ready,0,0.0,0.0,5,0,1,13.2667,398,AgiBot Genie G2 (official USD)
744,24.8,nailing,-0.1,0.28,1.45,1.2,-0.62,1.59,1.2,-0.45999999999999996,1.34,0.6,-0.32,0.04,0.6,-0.32,2,upper,90.0,5,align_tool,ready,0,0.0,0.0,5,0,1,13.3,399,AgiBot Genie G2 (official USD)
745,24.8333,nailing,-0.1,0.28,1.45,1.2,-0.62,1.59,1.2,-0.45999999999999996,1.34,0.6,-0.32,0.04,0.6,-0.32,2,upper,90.0,5,align_tool,ready,0,0.0,0.0,5,0,1,13.3333,400,AgiBot Genie G2 (official USD)
746,24.8667,nailing,-0.1,0.28,1.45,1.2,-0.62,1.59,1.2,-0.45999999999999996,1.34,0.6,-0.32,0.04,0.6,-0.32,2,upper,90.0,5,align_tool,ready,0,0.0,0.0,5,0,1,13.3667,401,AgiBot Genie G2 (official USD)
747,24.9,nailing,-0.1,0.28,1.45,1.2,-0.62,1.59,1.2,-0.45999999999999996,1.34,0.6,-0.32,0.04,0.6,-0.32,2,upper,90.0,5,align_tool,ready,0,0.0,0.0,5,0,1,13.4,402,AgiBot Genie G2 (official USD)
748,24.9333,nailing,-0.1,0.28,1.45,1.2,-0.62,1.59,1.2,-0.45999999999999996,1.34,0.6,-0.32,0.04,0.6,-0.32,2,upper,90.0,5,align_tool,ready,0,0.0,0.0,5,0,1,13.4333,403,AgiBot Genie G2 (official USD)
749,24.9667,nailing,-0.1,0.28,1.45,1.2,-0.6182846793552815,1.5911586934156376,1.2,-0.4582846793552815,1.3411586934156376,0.6,-0.32,0.04,0.6,-0.32,2,upper,90.0,5,move_to_fastener,working_5,0,0.0,0.25,5,0,1,13.4667,404,AgiBot Genie G2 (official USD)
750,25.0,nailing,-0.1,0.28,1.45,1.2,-0.6051446759259259,1.6000347222222224,1.2,-0.4451446759259259,1.3500347222222224,0.6,-0.32,0.04,0.6,-0.32,2,upper,90.0,5,move_to_fastener,working_5,0,0.0,0.25,5,0,1,13.5,405,AgiBot Genie G2 (official USD)
751,25.0333,nailing,-0.1,0.28,1.45,1.2,-0.5803534379286679,1.616781121399178,1.2,-0.42035343792866786,1.366781121399178,0.6,-0.32,0.04,0.6,-0.32,2,upper,90.0,5,move_to_fastener,working_5,0,0.0,0.25,5,0,1,13.5333,406,AgiBot Genie G2 (official USD)
752,25.0667,nailing,-0.1,0.28,1.45,1.2,-0.5454644633058987,1.6403485082304525,1.2,-0.3854644633058987,1.3903485082304525,0.6,-0.32,0.04,0.6,-0.32,2,upper,90.0,5,move_to_fastener,working_5,0,0.0,0.25,5,0,1,13.5667,407,AgiBot Genie G2 (official USD)
753,25.1,nailing,-0.1,0.28,1.45,1.2,-0.502031249999998,1.6696875000000013,1.2,-0.342031249999998,1.4196875000000013,0.6,-0.32,0.04,0.6,-0.32,2,upper,90.0,5,move_to_fastener,working_5,0,0.0,0.25,5,0,1,13.6,408,AgiBot Genie G2 (official USD)
754,25.1333,nailing,-0.1,0.28,1.45,1.2,-0.4516072959533615,1.703748713991769,1.2,-0.29160729595336154,1.453748713991769,0.6,-0.32,0.04,0.6,-0.32,2,upper,90.0,5,move_to_fastener,working_5,0,0.0,0.25,5,0,1,13.6333,409,AgiBot Genie G2 (official USD)
755,25.1667,nailing,-0.1,0.28,1.45,1.2,-0.39574609910836567,1.7414827674897133,1.2,-0.23574609910836566,1.4914827674897133,0.6,-0.32,0.04,0.6,-0.32,2,upper,90.0,5,move_to_fastener,working_5,0,0.0,0.25,5,0,1,13.6667,410,AgiBot Genie G2 (official USD)
756,25.2,nailing,-0.1,0.28,1.45,1.2,-0.3360011574074088,1.7818402777777769,1.2,-0.17600115740740882,1.5318402777777769,0.6,-0.32,0.04,0.6,-0.32,2,upper,90.0,5,move_to_fastener,working_5,0,0.0,0.25,5,0,1,13.7,411,AgiBot Genie G2 (official USD)
757,25.2333,nailing,-0.1,0.28,1.45,1.2,-0.273925968792865,1.823771862139919,1.2,-0.11392596879286501,1.573771862139919,0.6,-0.32,0.04,0.6,-0.32,2,upper,90.0,5,move_to_fastener,working_5,0,0.0,0.25,5,0,1,13.7333,412,AgiBot Genie G2 (official USD)
758,25.2667,nailing,-0.1,0.28,1.45,1.2,-0.21107403120713492,1.8662281378600811,1.2,-0.05107403120713491,1.6162281378600811,0.6,-0.32,0.04,0.6,-0.32,2,upper,90.0,5,move_to_fastener,working_5,0,0.0,0.25,5,0,1,13.7667,413,AgiBot Genie G2 (official USD)
759,25.3,nailing,-0.1,0.28,1.45,1.2,-0.14899884259259144,1.908159722222223,1.2,0.011001157407408563,1.658159722222223,0.6,-0.32,0.04,0.6,-0.32,2,upper,90.0,5,move_to_fastener,working_5,0,0.0,0.25,5,0,1,13.8,414,AgiBot Genie G2 (official USD)
760,25.3333,nailing,-0.1,0.28,1.45,1.2,-0.08925390089163432,1.9485172325102869,1.2,0.07074609910836568,1.6985172325102869,0.6,-0.32,0.04,0.6,-0.32,2,upper,90.0,5,move_to_fastener,working_5,0,0.0,0.25,5,0,1,13.8333,415,AgiBot Genie G2 (official USD)
761,25.3667,nailing,-0.1,0.28,1.45,1.2,-0.03339270404663852,1.986251286008231,1.2,0.12660729595336148,1.736251286008231,0.6,-0.32,0.04,0.6,-0.32,2,upper,90.0,5,move_to_fastener,working_5,0,0.0,0.25,5,0,1,13.8667,416,AgiBot Genie G2 (official USD)
762,25.4,nailing,-0.1,0.28,1.45,1.2,0.017031249999997944,2.020312499999999,1.2,0.17703124999999795,1.7703124999999988,0.6,-0.32,0.04,0.6,-0.32,2,upper,90.0,5,move_to_fastener,working_5,0,0.0,0.25,5,0,1,13.9,417,AgiBot Genie G2 (official USD)
763,25.4333,nailing,-0.1,0.28,1.45,1.2,0.06046446330589894,2.0496514917695476,1.2,0.22046446330589894,1.7996514917695476,0.6,-0.32,0.04,0.6,-0.32,2,upper,90.0,5,move_to_fastener,working_5,0,0.0,0.25,5,0,1,13.9333,418,AgiBot Genie G2 (official USD)
764,25.4667,nailing,-0.1,0.28,1.45,1.2,0.09535343792866802,2.073218878600822,1.2,0.25535343792866805,1.823218878600822,0.6,-0.32,0.04,0.6,-0.32,2,upper,90.0,5,move_to_fastener,working_5,0,0.0,0.25,5,0,1,13.9667,419,AgiBot Genie G2 (official USD)
765,25.5,nailing,-0.1,0.28,1.45,1.2,0.12014467592592593,2.089965277777778,1.2,0.28014467592592596,1.839965277777778,0.6,-0.32,0.04,0.6,-0.32,2,upper,90.0,5,move_to_fastener,working_5,0,0.0,0.25,5,0,1,14.0,420,AgiBot Genie G2 (official USD)
766,25.5333,nailing,-0.1,0.28,1.45,1.2,0.13328467935528154,2.0988413065843625,1.2,0.2932846793552816,1.8488413065843625,0.6,-0.32,0.04,0.6,-0.32,2,upper,90.0,5,move_to_fastener,working_5,0,0.0,0.25,5,0,1,14.0333,421,AgiBot Genie G2 (official USD)
767,25.5667,nailing,-0.1,0.28,1.45,1.2,0.135,2.1,1.2,0.29500000000000004,1.85,0.6,-0.32,0.04,0.6,-0.32,2,upper,90.0,5,press_fastener,press_5,1,120.0,1.0,5,0,1,14.0667,422,AgiBot Genie G2 (official USD)
768,25.6,nailing,-0.1,0.28,1.45,1.2,0.135,2.1,1.2,0.29500000000000004,1.85,0.6,-0.32,0.04,0.6,-0.32,2,upper,90.0,5,press_fastener,press_5,1,120.0,1.0,5,0,1,14.1,423,AgiBot Genie G2 (official USD)
769,25.6333,nailing,-0.1,0.28,1.45,1.2,0.135,2.1,1.2,0.29500000000000004,1.85,0.6,-0.32,0.04,0.6,-0.32,2,upper,90.0,5,press_fastener,press_5,1,120.0,1.0,5,0,1,14.1333,424,AgiBot Genie G2 (official USD)
770,25.6667,nailing,-0.1,0.28,1.45,1.2,0.135,2.1,1.2,0.29500000000000004,1.85,0.6,-0.32,0.04,0.6,-0.32,2,upper,90.0,5,press_fastener,press_5,1,120.0,1.0,5,0,1,14.1667,425,AgiBot Genie G2 (official USD)
771,25.7,nailing,-0.1,0.28,1.45,1.2,0.135,2.1,1.2,0.29500000000000004,1.85,0.6,-0.32,0.04,0.6,-0.32,2,upper,90.0,5,press_fastener,press_5,1,120.0,1.0,5,0,1,14.2,426,AgiBot Genie G2 (official USD)
772,25.7333,nailing,-0.1,0.28,1.45,1.2,0.135,2.1,1.2,0.29500000000000004,1.85,0.6,-0.32,0.04,0.6,-0.32,2,upper,90.0,5,press_fastener,press_5,1,120.0,1.0,5,0,1,14.2333,427,AgiBot Genie G2 (official USD)
773,25.7667,nailing,-0.1,0.28,1.45,1.2,0.135,2.1,1.2,0.29500000000000004,1.85,0.6,-0.32,0.04,0.6,-0.32,2,upper,90.0,5,press_fastener,press_5,1,120.0,1.0,5,0,1,14.2667,428,AgiBot Genie G2 (official USD)
774,25.8,nailing,-0.1,0.28,1.45,1.2,0.135,2.1,1.2,0.29500000000000004,1.85,0.6,-0.32,0.04,0.6,-0.32,2,upper,90.0,5,hold_fastener,working_5,1,120.0,1.0,6,0,1,14.3,429,AgiBot Genie G2 (official USD)
775,25.8333,nailing,-0.1,0.28,1.45,1.2,0.135,2.1,1.2,0.29500000000000004,1.85,0.6,-0.32,0.04,0.6,-0.32,2,upper,90.0,5,hold_fastener,working_5,1,120.0,1.0,6,0,1,14.3333,430,AgiBot Genie G2 (official USD)
776,25.8667,nailing,-0.1,0.28,1.45,1.2,0.135,2.1,1.2,0.29500000000000004,1.85,0.6,-0.32,0.04,0.6,-0.32,2,upper,90.0,5,hold_fastener,working_5,1,120.0,1.0,6,0,1,14.3667,431,AgiBot Genie G2 (official USD)
777,25.9,nailing,-0.1,0.28,1.45,1.2,0.135,2.1,1.2,0.29500000000000004,1.85,0.6,-0.32,0.04,0.6,-0.32,2,upper,90.0,5,hold_fastener,working_5,1,120.0,1.0,6,0,1,14.4,432,AgiBot Genie G2 (official USD)
778,25.9333,nailing,-0.1,0.28,1.45,1.2,0.135,2.1,1.2,0.29500000000000004,1.85,0.6,-0.32,0.04,0.6,-0.32,2,upper,90.0,5,hold_fastener,working_5,1,120.0,1.0,6,0,1,14.4333,433,AgiBot Genie G2 (official USD)
779,25.9667,nailing,-0.1,0.28,1.45,1.2,0.135,2.1,1.2,0.29500000000000004,1.85,0.6,-0.32,0.04,0.6,-0.32,2,upper,90.0,5,hold_fastener,working_5,1,120.0,1.0,6,0,1,14.4667,434,AgiBot Genie G2 (official USD)
780,26.0,nailing,-0.1,0.28,1.45,1.2,0.135,2.1,1.2,0.29500000000000004,1.85,0.6,-0.32,0.04,0.6,-0.32,2,upper,90.0,5,hold_fastener,working_5,1,120.0,1.0,6,0,1,14.5,435,AgiBot Genie G2 (official USD)
781,26.0333,nailing,-0.1,0.28,1.45,1.2,0.135,2.1,1.2,0.29500000000000004,1.85,0.6,-0.32,0.04,0.6,-0.32,2,upper,90.0,5,hold_fastener,working_5,1,120.0,1.0,6,0,1,14.5333,436,AgiBot Genie G2 (official USD)
782,26.0667,nailing,-0.1,0.28,1.45,1.2,0.135,2.1,1.2,0.29500000000000004,1.85,0.6,-0.32,0.04,0.6,-0.32,2,upper,90.0,5,hold_fastener,working_5,1,120.0,1.0,6,0,1,14.5667,437,AgiBot Genie G2 (official USD)
783,26.1,nailing,-0.1,0.28,1.45,1.2,0.135,2.1,1.2,0.29500000000000004,1.85,0.6,-0.32,0.04,0.6,-0.32,2,upper,90.0,5,hold_fastener,working_5,1,120.0,1.0,6,0,1,14.6,438,AgiBot Genie G2 (official USD)
784,26.1333,nailing,-0.1,0.28,1.45,1.2,0.135,2.1,1.2,0.29500000000000004,1.85,0.6,-0.32,0.04,0.6,-0.32,2,upper,90.0,5,hold_fastener,working_5,1,120.0,1.0,6,0,1,14.6333,439,AgiBot Genie G2 (official USD)
785,26.1667,nailing,-0.1,0.28,1.45,1.2,0.135,2.1,1.2,0.29500000000000004,1.85,0.6,-0.32,0.04,0.6,-0.32,2,upper,90.0,5,hold_fastener,working_5,1,120.0,1.0,6,0,1,14.6667,440,AgiBot Genie G2 (official USD)
786,26.2,nailing,-0.1,0.28,1.45,1.2,0.135,2.1,1.2,0.29500000000000004,1.85,0.6,-0.32,0.04,0.6,-0.32,2,upper,90.0,5,hold_fastener,working_5,1,120.0,1.0,6,0,1,14.7,441,AgiBot Genie G2 (official USD)
787,26.2333,nailing,-0.1,0.28,1.45,1.2,0.135,2.1,1.2,0.29500000000000004,1.85,0.6,-0.32,0.04,0.6,-0.32,2,upper,90.0,5,hold_fastener,working_5,1,120.0,1.0,6,0,1,14.7333,442,AgiBot Genie G2 (official USD)
788,26.2667,nailing,-0.1,0.28,1.45,1.2,0.135,2.1,1.2,0.29500000000000004,1.85,0.6,-0.32,0.04,0.6,-0.32,2,upper,90.0,5,hold_fastener,working_5,1,120.0,1.0,6,0,1,14.7667,443,AgiBot Genie G2 (official USD)
789,26.3,nailing,-0.1,0.28,1.45,1.2,0.135,2.1,1.2,0.29500000000000004,1.85,0.6,-0.32,0.04,0.6,-0.32,2,upper,90.0,5,hold_fastener,working_5,1,120.0,1.0,6,0,1,14.8,444,AgiBot Genie G2 (official USD)
790,26.3333,nailing,-0.1,0.28,1.45,1.2,0.135,2.1,1.2,0.29500000000000004,1.85,0.6,-0.32,0.04,0.6,-0.32,2,upper,90.0,5,hold_fastener,working_5,1,120.0,1.0,6,0,1,14.8333,445,AgiBot Genie G2 (official USD)
791,26.3667,nailing,-0.1,0.28,1.45,1.2,0.135,2.1,1.2,0.29500000000000004,1.85,0.6,-0.32,0.04,0.6,-0.32,2,upper,90.0,5,hold_fastener,working_5,1,120.0,1.0,6,0,1,14.8667,446,AgiBot Genie G2 (official USD)
792,26.4,nailing,-0.1,0.28,1.45,1.2,0.135,2.1,1.2,0.29500000000000004,1.85,0.6,-0.32,0.04,0.6,-0.32,2,upper,90.0,5,hold_fastener,working_5,1,120.0,1.0,6,0,1,14.9,447,AgiBot Genie G2 (official USD)
793,26.4333,nailing,-0.1,0.28,1.45,1.2,0.135,2.1,1.2,0.29500000000000004,1.85,0.6,-0.32,0.04,0.6,-0.32,2,upper,90.0,5,hold_fastener,working_5,1,120.0,1.0,6,0,1,14.9333,448,AgiBot Genie G2 (official USD)
794,26.4667,nailing,-0.1,0.28,1.45,1.2,0.135,2.1,1.2,0.29500000000000004,1.85,0.6,-0.32,0.04,0.6,-0.32,2,upper,90.0,5,hold_fastener,working_5,1,120.0,1.0,6,0,1,14.9667,449,AgiBot Genie G2 (official USD)
795,26.5,nailing,-0.1,0.28,1.45,1.2,-0.62,1.59,1.2,-0.45999999999999996,1.34,0.6,-0.32,0.04,0.6,-0.32,2,upper,90.0,5,task_complete,ready,0,0.0,0.0,6,0,1,15.0,450,AgiBot Genie G2 (official USD)
796,26.5333,nailing,-0.1,0.28,1.45,1.2,-0.62,1.59,1.2,-0.45999999999999996,1.34,0.6,-0.32,0.04,0.6,-0.32,2,upper,90.0,5,task_complete,ready,0,0.0,0.0,6,0,1,15.0333,451,AgiBot Genie G2 (official USD)
797,26.5667,nailing,-0.1,0.28,1.45,1.2,-0.62,1.59,1.2,-0.45999999999999996,1.34,0.6,-0.32,0.04,0.6,-0.32,2,upper,90.0,5,task_complete,ready,0,0.0,0.0,6,0,1,15.0667,452,AgiBot Genie G2 (official USD)
798,26.6,nailing,-0.1,0.28,1.45,1.2,-0.62,1.59,1.2,-0.45999999999999996,1.34,0.6,-0.32,0.04,0.6,-0.32,2,upper,90.0,5,task_complete,ready,0,0.0,0.0,6,0,1,15.1,453,AgiBot Genie G2 (official USD)
799,26.6333,nailing,-0.1,0.28,1.45,1.2,-0.62,1.59,1.2,-0.45999999999999996,1.34,0.6,-0.32,0.04,0.6,-0.32,2,upper,90.0,5,task_complete,ready,0,0.0,0.0,6,0,1,15.1333,454,AgiBot Genie G2 (official USD)
